<ImportExportXml version="9.0.2.748" SolutionPackageVersion="9.0" languagecode="1033" generatedBy="CrmLive" xmlns:xsi="http://www.w3.org/2001/XMLSchema-instance">
  <SolutionManifest>
    <UniqueName>Student</UniqueName>
    <LocalizedNames>
      <LocalizedName description="Student" languagecode="1033" />
    </LocalizedNames>
    <Descriptions />
    <Version>1.0.0.1</Version>
    <Managed>0</Managed>
    <Publisher>
      <UniqueName>capgemini</UniqueName>
      <LocalizedNames>
        <LocalizedName description="CapGemini" languagecode="1033" />
      </LocalizedNames>
      <Descriptions>
        <Description description="testing" languagecode="1033" />
      </Descriptions>
      <EMailAddress xsi:nil="true"></EMailAddress>
      <SupportingWebsiteUrl xsi:nil="true"></SupportingWebsiteUrl>
      <CustomizationPrefix>cg123</CustomizationPrefix>
      <CustomizationOptionValuePrefix>51340</CustomizationOptionValuePrefix>
      <Addresses>
        <Address>
          <AddressNumber>1</AddressNumber>
          <AddressTypeCode>1</AddressTypeCode>
          <City xsi:nil="true"></City>
          <County xsi:nil="true"></County>
          <Country xsi:nil="true"></Country>
          <Fax xsi:nil="true"></Fax>
          <FreightTermsCode xsi:nil="true"></FreightTermsCode>
          <ImportSequenceNumber xsi:nil="true"></ImportSequenceNumber>
          <Latitude xsi:nil="true"></Latitude>
          <Line1 xsi:nil="true"></Line1>
          <Line2 xsi:nil="true"></Line2>
          <Line3 xsi:nil="true"></Line3>
          <Longitude xsi:nil="true"></Longitude>
          <Name xsi:nil="true"></Name>
          <PostalCode xsi:nil="true"></PostalCode>
          <PostOfficeBox xsi:nil="true"></PostOfficeBox>
          <PrimaryContactName xsi:nil="true"></PrimaryContactName>
          <ShippingMethodCode>1</ShippingMethodCode>
          <StateOrProvince xsi:nil="true"></StateOrProvince>
          <Telephone1 xsi:nil="true"></Telephone1>
          <Telephone2 xsi:nil="true"></Telephone2>
          <Telephone3 xsi:nil="true"></Telephone3>
          <TimeZoneRuleVersionNumber xsi:nil="true"></TimeZoneRuleVersionNumber>
          <UPSZone xsi:nil="true"></UPSZone>
          <UTCOffset xsi:nil="true"></UTCOffset>
          <UTCConversionTimeZoneCode xsi:nil="true"></UTCConversionTimeZoneCode>
        </Address>
        <Address>
          <AddressNumber>2</AddressNumber>
          <AddressTypeCode>1</AddressTypeCode>
          <City xsi:nil="true"></City>
          <County xsi:nil="true"></County>
          <Country xsi:nil="true"></Country>
          <Fax xsi:nil="true"></Fax>
          <FreightTermsCode xsi:nil="true"></FreightTermsCode>
          <ImportSequenceNumber xsi:nil="true"></ImportSequenceNumber>
          <Latitude xsi:nil="true"></Latitude>
          <Line1 xsi:nil="true"></Line1>
          <Line2 xsi:nil="true"></Line2>
          <Line3 xsi:nil="true"></Line3>
          <Longitude xsi:nil="true"></Longitude>
          <Name xsi:nil="true"></Name>
          <PostalCode xsi:nil="true"></PostalCode>
          <PostOfficeBox xsi:nil="true"></PostOfficeBox>
          <PrimaryContactName xsi:nil="true"></PrimaryContactName>
          <ShippingMethodCode>1</ShippingMethodCode>
          <StateOrProvince xsi:nil="true"></StateOrProvince>
          <Telephone1 xsi:nil="true"></Telephone1>
          <Telephone2 xsi:nil="true"></Telephone2>
          <Telephone3 xsi:nil="true"></Telephone3>
          <TimeZoneRuleVersionNumber xsi:nil="true"></TimeZoneRuleVersionNumber>
          <UPSZone xsi:nil="true"></UPSZone>
          <UTCOffset xsi:nil="true"></UTCOffset>
          <UTCConversionTimeZoneCode xsi:nil="true"></UTCConversionTimeZoneCode>
        </Address>
      </Addresses>
    </Publisher>
    <RootComponents>
      <RootComponent type="1" schemaName="account" behavior="1" />
      <RootComponent type="1" schemaName="cg123_accountoffer" behavior="0" />
      <RootComponent type="1" schemaName="cg123_contactsubject" behavior="0" />
      <RootComponent type="1" schemaName="cg123_lab" behavior="0" />
      <RootComponent type="1" schemaName="cg123_offers" behavior="0" />
      <RootComponent type="1" schemaName="cg123_onboardingprocess" behavior="0" />
      <RootComponent type="1" schemaName="cg123_subject" behavior="0" />
      <RootComponent type="1" schemaName="contact" behavior="1" />
      <RootComponent type="1" schemaName="lead" behavior="0" />
      <RootComponent type="1" schemaName="quote" behavior="0" />
      <RootComponent type="9" schemaName="cg123_designations" behavior="0" />
      <RootComponent type="9" schemaName="cg123_experience" behavior="0" />
      <RootComponent type="9" schemaName="cg123_preferredsubjects" behavior="0" />
      <RootComponent type="9" schemaName="cg123_qualiofications" behavior="0" />
      <RootComponent type="9" schemaName="cg123_semister" behavior="0" />
      <RootComponent type="9" schemaName="cg123_type" behavior="0" />
      <RootComponent type="29" id="{39dae405-f4ff-49be-9ddb-184a3e470db7}" behavior="0" />
      <RootComponent type="29" id="{4919264a-970a-4c8e-87be-9d9d9b70f4ab}" behavior="0" />
      <RootComponent type="29" id="{69922ed5-8074-e811-a95b-000d3af29269}" behavior="0" />
      <RootComponent type="29" id="{73de30c6-3375-e811-a95a-000d3af29d99}" behavior="0" />
      <RootComponent type="29" id="{8cfa183f-cba9-4f5f-84ff-5bf3ac7db8cc}" behavior="0" />
      <RootComponent type="29" id="{a71dc919-1724-476f-93dd-5ed35e6a9fec}" behavior="0" />
      <RootComponent type="29" id="{fe67098a-3775-e811-a95a-000d3af29d99}" behavior="0" />
      <RootComponent type="60" id="{1d70a07f-854a-49da-a07c-5213fd3deca3}" behavior="0" />
      <RootComponent type="60" id="{1fed44d1-ae68-4a41-bd2b-f13acac4acfa}" behavior="0" />
      <RootComponent type="60" id="{246b9da2-688c-4c13-8a32-371cf7198fcf}" behavior="0" />
      <RootComponent type="60" id="{4e55e061-b0dd-4506-8d4a-1f49b0a35d50}" behavior="0" />
      <RootComponent type="60" id="{66a8a76b-4173-4e35-a81a-50d7622df9bb}" behavior="0" />
      <RootComponent type="60" id="{6964b342-da0d-4ee4-b76a-ab3c3fdbebf5}" behavior="0" />
      <RootComponent type="60" id="{8448b78f-8f42-454e-8e2a-f8196b0419af}" behavior="0" />
      <RootComponent type="60" id="{91831fce-701b-4af1-baeb-dff3a70c6160}" behavior="0" />
      <RootComponent type="60" id="{9a14ebb4-143e-e711-80e1-00155d871bb4}" behavior="0" />
      <RootComponent type="60" id="{a0c1bc34-a1bc-44b1-b582-b6ff0634ae54}" behavior="0" />
      <RootComponent type="60" id="{a136c853-af59-4430-a43f-76c0bdeed81a}" behavior="0" />
      <RootComponent type="60" id="{db86e637-863c-e711-80e0-00155d871bb4}" behavior="0" />
      <RootComponent type="61" schemaName="cg123_Account.js" behavior="0" />
      <RootComponent type="61" schemaName="cg123_AccountNew.js" behavior="0" />
      <RootComponent type="61" schemaName="cg123_Student.js" behavior="0" />
    </RootComponents>
    <MissingDependencies>
      <MissingDependency>
        <Required key="0" type="1" schemaName="quote" displayName="Quote" solution="msdynce_Sales (9.0.4.0076)" />
        <Dependent key="0" type="1" schemaName="quote" displayName="Quote" />
      </MissingDependency>
      <MissingDependency>
        <Required key="1" type="1" schemaName="lead" displayName="Lead" solution="msdynce_LeadManagement (9.0.4.0066)" />
        <Dependent key="1" type="1" schemaName="lead" displayName="Lead" />
      </MissingDependency>
      <MissingDependency>
        <Required key="2" type="1" schemaName="msdyn_quotebookingservice" displayName="Quote Booking Service" solution="FieldService (7.4.0.80)" />
        <Dependent key="0" type="1" schemaName="quote" displayName="Quote" />
      </MissingDependency>
      <MissingDependency>
        <Required key="3" type="1" schemaName="msdyn_quotebookingincident" displayName="Quote Booking Incident" solution="FieldService (7.4.0.80)" />
        <Dependent key="0" type="1" schemaName="quote" displayName="Quote" />
      </MissingDependency>
      <MissingDependency>
        <Required key="4" type="1" schemaName="msdyn_quotelinetransaction" displayName="Quote Line Detail" solution="ProjectService (2.4.0.51)" />
        <Dependent key="0" type="1" schemaName="quote" displayName="Quote" />
      </MissingDependency>
      <MissingDependency>
        <Required key="5" type="1" schemaName="msdyn_quotebookingsetup" displayName="Quote Booking Setup" solution="FieldService (7.4.0.80)" />
        <Dependent key="0" type="1" schemaName="quote" displayName="Quote" />
      </MissingDependency>
      <MissingDependency>
        <Required key="6" type="1" schemaName="opportunitysalesprocess" displayName="Opportunity Sales Process" solution="msdynce_Sales (9.0.4.0076)" />
        <Dependent key="0" type="1" schemaName="quote" displayName="Quote" />
      </MissingDependency>
      <MissingDependency>
        <Required key="7" type="1" schemaName="msdyn_quoteinvoicingsetup" displayName="Quote Invoicing Setup" solution="FieldService (7.4.0.80)" />
        <Dependent key="0" type="1" schemaName="quote" displayName="Quote" />
      </MissingDependency>
      <MissingDependency>
        <Required key="8" type="1" schemaName="cap_onboardingprocess" displayName="onboarding process" solution="Active" />
        <Dependent key="0" type="1" schemaName="quote" displayName="Quote" />
      </MissingDependency>
      <MissingDependency>
        <Required key="8" type="1" schemaName="cap_onboardingprocess" displayName="onboarding process" solution="Active" />
        <Dependent key="1" type="1" schemaName="lead" displayName="Lead" />
      </MissingDependency>
      <MissingDependency>
        <Required key="9" type="1" schemaName="msdyn_quotepricelist" displayName="Quote Project Price List" solution="ProjectService (2.4.0.51)" />
        <Dependent key="0" type="1" schemaName="quote" displayName="Quote" />
      </MissingDependency>
      <MissingDependency>
        <Required key="10" type="1" schemaName="msdyn_quotebookingservicetask" displayName="Quote Booking Service Task" solution="FieldService (7.4.0.80)" />
        <Dependent key="0" type="1" schemaName="quote" displayName="Quote" />
      </MissingDependency>
      <MissingDependency>
        <Required key="11" type="1" schemaName="msdyn_quotelineanalyticsbreakdown" displayName="Quote Line Analytics Breakdown" solution="ProjectService (2.4.0.51)" />
        <Dependent key="0" type="1" schemaName="quote" displayName="Quote" />
      </MissingDependency>
      <MissingDependency>
        <Required key="12" type="1" schemaName="msdyn_quotebookingproduct" displayName="Quote Booking Product" solution="FieldService (7.4.0.80)" />
        <Dependent key="0" type="1" schemaName="quote" displayName="Quote" />
      </MissingDependency>
      <MissingDependency>
        <Required key="13" type="1" schemaName="competitor" displayName="Competitor" solution="msdynce_Sales (9.0.4.0076)" />
        <Dependent key="14" type="60" displayName="Sales Insights" parentDisplayName="Lead" id="{e1ec2c0c-1744-42fa-a346-fb8237357d0f}" />
      </MissingDependency>
      <MissingDependency>
        <Required key="15" type="1" schemaName="msdyn_accountpricelist" displayName="Account Project Price List" solution="ProjectService (2.4.0.51)" />
        <Dependent key="16" type="60" displayName="Account" parentDisplayName="Account" id="{8448b78f-8f42-454e-8e2a-f8196b0419af}" />
      </MissingDependency>
      <MissingDependency>
        <Required key="17" type="1" schemaName="msdyn_organizationalunit" displayName="Organizational Unit" solution="MicrosoftDynamicsScheduling (2.4.0.48)" />
        <Dependent key="18" type="10" schemaName="msdyn_organizationalunit_quote" displayName="msdyn_organizationalunit_quote" parentSchemaName="msdyn_organizationalunit" parentDisplayName="Organizational Unit" />
      </MissingDependency>
      <MissingDependency>
        <Required key="19" type="2" schemaName="msdyn_name" displayName="Name" parentSchemaName="msdyn_organizationalunit" parentDisplayName="Organizational Unit" solution="MicrosoftDynamicsScheduling (2.4.0.48)" />
        <Dependent key="18" type="10" schemaName="msdyn_organizationalunit_quote" displayName="msdyn_organizationalunit_quote" parentSchemaName="msdyn_organizationalunit" parentDisplayName="Organizational Unit" />
      </MissingDependency>
      <MissingDependency>
        <Required key="20" type="2" schemaName="msdyn_organizationalunitid" displayName="Organizational Unit" parentSchemaName="msdyn_organizationalunit" parentDisplayName="Organizational Unit" solution="MicrosoftDynamicsScheduling (2.4.0.48)" />
        <Dependent key="18" type="10" schemaName="msdyn_organizationalunit_quote" displayName="msdyn_organizationalunit_quote" parentSchemaName="msdyn_organizationalunit" parentDisplayName="Organizational Unit" />
      </MissingDependency>
      <MissingDependency>
        <Required key="21" type="2" schemaName="originatingleadid" displayName="Originating Lead" parentSchemaName="contact" parentDisplayName="Contact" solution="msdynce_LeadManagement (9.0.4.0066)" />
        <Dependent key="22" type="60" displayName="Common Form" parentDisplayName="Contact" id="{246b9da2-688c-4c13-8a32-371cf7198fcf}" />
      </MissingDependency>
      <MissingDependency>
        <Required key="23" type="2" schemaName="ccg_description" displayName="Description" parentSchemaName="contact" parentDisplayName="Contact" solution="Active" />
        <Dependent key="24" type="60" displayName="Contact" parentDisplayName="Contact" id="{1fed44d1-ae68-4a41-bd2b-f13acac4acfa}" />
      </MissingDependency>
      <MissingDependency>
        <Required key="21" type="2" schemaName="originatingleadid" displayName="Originating Lead" parentSchemaName="contact" parentDisplayName="Contact" solution="msdynce_LeadManagement (9.0.4.0066)" />
        <Dependent key="24" type="60" displayName="Contact" parentDisplayName="Contact" id="{1fed44d1-ae68-4a41-bd2b-f13acac4acfa}" />
      </MissingDependency>
      <MissingDependency>
        <Required key="25" type="2" schemaName="msdyn_travelcharge" displayName="Travel Charge" parentSchemaName="account" parentDisplayName="Account" solution="FieldService (7.4.0.80)" />
        <Dependent key="16" type="60" displayName="Account" parentDisplayName="Account" id="{8448b78f-8f42-454e-8e2a-f8196b0419af}" />
      </MissingDependency>
      <MissingDependency>
        <Required key="26" type="2" schemaName="msdyn_taxexempt" displayName="Tax Exempt" parentSchemaName="account" parentDisplayName="Account" solution="FieldService (7.4.0.80)" />
        <Dependent key="16" type="60" displayName="Account" parentDisplayName="Account" id="{8448b78f-8f42-454e-8e2a-f8196b0419af}" />
      </MissingDependency>
      <MissingDependency>
        <Required key="27" type="2" schemaName="msdyn_serviceterritory" displayName="Service Territory" parentSchemaName="account" parentDisplayName="Account" solution="FieldService (7.4.0.80)" />
        <Dependent key="16" type="60" displayName="Account" parentDisplayName="Account" id="{8448b78f-8f42-454e-8e2a-f8196b0419af}" />
      </MissingDependency>
      <MissingDependency>
        <Required key="28" type="2" schemaName="defaultpricelevelid" displayName="Product Price List" parentSchemaName="account" parentDisplayName="Account" solution="msdynce_ProductManagement (9.0.4.0066)" />
        <Dependent key="16" type="60" displayName="Account" parentDisplayName="Account" id="{8448b78f-8f42-454e-8e2a-f8196b0419af}" />
      </MissingDependency>
      <MissingDependency>
        <Required key="29" type="2" schemaName="msdyn_billingaccount" displayName="Billing Account" parentSchemaName="account" parentDisplayName="Account" solution="FieldService (7.4.0.80)" />
        <Dependent key="16" type="60" displayName="Account" parentDisplayName="Account" id="{8448b78f-8f42-454e-8e2a-f8196b0419af}" />
      </MissingDependency>
      <MissingDependency>
        <Required key="30" type="2" schemaName="cap_description" displayName="description" parentSchemaName="account" parentDisplayName="Account" solution="Active" />
        <Dependent key="16" type="60" displayName="Account" parentDisplayName="Account" id="{8448b78f-8f42-454e-8e2a-f8196b0419af}" />
      </MissingDependency>
      <MissingDependency>
        <Required key="31" type="2" schemaName="msdyn_travelchargetype" displayName="Travel Charge Type" parentSchemaName="account" parentDisplayName="Account" solution="FieldService (7.4.0.80)" />
        <Dependent key="16" type="60" displayName="Account" parentDisplayName="Account" id="{8448b78f-8f42-454e-8e2a-f8196b0419af}" />
      </MissingDependency>
      <MissingDependency>
        <Required key="32" type="2" schemaName="msdyn_taxexemptnumber" displayName="Tax Exempt Number" parentSchemaName="account" parentDisplayName="Account" solution="FieldService (7.4.0.80)" />
        <Dependent key="16" type="60" displayName="Account" parentDisplayName="Account" id="{8448b78f-8f42-454e-8e2a-f8196b0419af}" />
      </MissingDependency>
      <MissingDependency>
        <Required key="33" type="2" schemaName="msdyn_salestaxcode" displayName="Sales Tax Code" parentSchemaName="account" parentDisplayName="Account" solution="FieldService (7.4.0.80)" />
        <Dependent key="16" type="60" displayName="Account" parentDisplayName="Account" id="{8448b78f-8f42-454e-8e2a-f8196b0419af}" />
      </MissingDependency>
      <MissingDependency>
        <Required key="34" type="2" schemaName="msdyn_workorderinstructions" displayName="Work Order Instructions" parentSchemaName="account" parentDisplayName="Account" solution="FieldService (7.4.0.80)" />
        <Dependent key="16" type="60" displayName="Account" parentDisplayName="Account" id="{8448b78f-8f42-454e-8e2a-f8196b0419af}" />
      </MissingDependency>
      <MissingDependency>
        <Required key="35" type="2" schemaName="createdon" displayName="Created On" parentSchemaName="quote" parentDisplayName="Quote" solution="msdynce_Sales (9.0.4.0076)" />
        <Dependent key="36" type="60" displayName="Quotes Dashboard" parentDisplayName="Quote" id="{db86e637-863c-e711-80e0-00155d871bb4}" />
      </MissingDependency>
      <MissingDependency>
        <Required key="37" type="2" schemaName="msdyn_contractorganizationalunitid" displayName="Contracting Unit" parentSchemaName="quote" parentDisplayName="Quote" solution="ProjectService (2.4.0.51)" />
        <Dependent key="18" type="10" schemaName="msdyn_organizationalunit_quote" displayName="msdyn_organizationalunit_quote" parentSchemaName="msdyn_organizationalunit" parentDisplayName="Organizational Unit" />
      </MissingDependency>
      <MissingDependency>
        <Required key="38" type="2" schemaName="totalamount" displayName="Total Amount" parentSchemaName="quote" parentDisplayName="Quote" solution="msdynce_Sales (9.0.4.0076)" />
        <Dependent key="39" type="29" displayName="Hide base amount fields depending on currency" id="{a340028a-4874-e511-80e7-00155db91302}" />
      </MissingDependency>
      <MissingDependency>
        <Required key="40" type="2" schemaName="msdyn_account" displayName="Potential Customer" parentSchemaName="quote" parentDisplayName="Quote" solution="FieldService (7.4.0.80)" />
        <Dependent key="41" type="2" schemaName="customerid" displayName="Potential Customer" parentSchemaName="quote" parentDisplayName="Quote" />
      </MissingDependency>
      <MissingDependency>
        <Required key="41" type="2" schemaName="customerid" displayName="Potential Customer" parentSchemaName="quote" parentDisplayName="Quote" solution="msdynce_Sales (9.0.4.0076)" />
        <Dependent key="41" type="2" schemaName="customerid" displayName="Potential Customer" parentSchemaName="quote" parentDisplayName="Quote" />
      </MissingDependency>
      <MissingDependency>
        <Required key="42" type="2" schemaName="createdon" displayName="Created On" parentSchemaName="lead" parentDisplayName="Lead" solution="msdynce_LeadManagement (9.0.4.0066)" />
        <Dependent key="43" type="60" displayName="Leads Dashboard" parentDisplayName="Lead" id="{9a14ebb4-143e-e711-80e1-00155d871bb4}" />
      </MissingDependency>
      <MissingDependency>
        <Required key="44" type="2" schemaName="quoteid" displayName="Quote" parentSchemaName="quote" parentDisplayName="Quote" solution="msdynce_Sales (9.0.4.0076)" />
        <Dependent key="45" type="10" schemaName="bpf_quote_cg123_onboardingprocess" displayName="bpf_quote_cg123_onboardingprocess" parentSchemaName="quote" parentDisplayName="Quote" />
      </MissingDependency>
      <MissingDependency>
        <Required key="46" type="2" schemaName="name" displayName="Name" parentSchemaName="quote" parentDisplayName="Quote" solution="msdynce_Sales (9.0.4.0076)" />
        <Dependent key="45" type="10" schemaName="bpf_quote_cg123_onboardingprocess" displayName="bpf_quote_cg123_onboardingprocess" parentSchemaName="quote" parentDisplayName="Quote" />
      </MissingDependency>
      <MissingDependency>
        <Required key="47" type="2" schemaName="msdyn_ordertype" displayName="Order Type" parentSchemaName="quote" parentDisplayName="Quote" solution="ProjectService (2.4.0.51)" />
        <Dependent key="48" type="29" displayName="Contracting Unit is Required" id="{8e47ba43-ec0b-e611-80ff-00155de26607}" />
      </MissingDependency>
      <MissingDependency>
        <Required key="49" type="2" schemaName="ownerid" displayName="Owner" parentSchemaName="lead" parentDisplayName="Lead" solution="msdynce_LeadManagement (9.0.4.0066)" />
        <Dependent key="50" type="26" schemaName="Inactive OnBoardingProcess on my Leads" displayName="Inactive OnBoardingProcess on my Leads" parentSchemaName="cg123_onboardingprocess" parentDisplayName="OnBoardingProcess" id="{3656b50e-16ab-48a9-877a-266f55772123}" />
      </MissingDependency>
      <MissingDependency>
        <Required key="51" type="2" schemaName="leadid" displayName="Lead" parentSchemaName="lead" parentDisplayName="Lead" solution="msdynce_LeadManagement (9.0.4.0066)" />
        <Dependent key="50" type="26" schemaName="Inactive OnBoardingProcess on my Leads" displayName="Inactive OnBoardingProcess on my Leads" parentSchemaName="cg123_onboardingprocess" parentDisplayName="OnBoardingProcess" id="{3656b50e-16ab-48a9-877a-266f55772123}" />
      </MissingDependency>
      <MissingDependency>
        <Required key="52" type="2" schemaName="msdyn_accountmanagerid" displayName="Account Manager" parentSchemaName="quote" parentDisplayName="Quote" solution="ProjectService (2.4.0.51)" />
        <Dependent key="53" type="10" schemaName="msdyn_accountmanager_quote" displayName="msdyn_accountmanager_quote" parentSchemaName="systemuser" parentDisplayName="User" />
      </MissingDependency>
      <MissingDependency>
        <Required key="54" type="2" schemaName="description" displayName="Description" parentSchemaName="lead" parentDisplayName="Lead" solution="msdynce_LeadManagement (9.0.4.0066)" />
        <Dependent key="55" type="60" displayName="Information" parentDisplayName="Lead" id="{9886ead0-4fcc-4747-9a18-08e7a9a6de71}" />
      </MissingDependency>
      <MissingDependency>
        <Required key="56" type="2" schemaName="donotsendmm" displayName="Marketing Material" parentSchemaName="lead" parentDisplayName="Lead" solution="msdynce_LeadManagement (9.0.4.0066)" />
        <Dependent key="55" type="60" displayName="Information" parentDisplayName="Lead" id="{9886ead0-4fcc-4747-9a18-08e7a9a6de71}" />
      </MissingDependency>
      <MissingDependency>
        <Required key="57" type="2" schemaName="address1_line2" displayName="Street 2" parentSchemaName="lead" parentDisplayName="Lead" solution="msdynce_LeadManagement (9.0.4.0066)" />
        <Dependent key="55" type="60" displayName="Information" parentDisplayName="Lead" id="{9886ead0-4fcc-4747-9a18-08e7a9a6de71}" />
      </MissingDependency>
      <MissingDependency>
        <Required key="58" type="2" schemaName="lastname" displayName="Last Name" parentSchemaName="lead" parentDisplayName="Lead" solution="msdynce_LeadManagement (9.0.4.0066)" />
        <Dependent key="55" type="60" displayName="Information" parentDisplayName="Lead" id="{9886ead0-4fcc-4747-9a18-08e7a9a6de71}" />
      </MissingDependency>
      <MissingDependency>
        <Required key="59" type="2" schemaName="donotemail" displayName="Do not allow Emails" parentSchemaName="lead" parentDisplayName="Lead" solution="msdynce_LeadManagement (9.0.4.0066)" />
        <Dependent key="55" type="60" displayName="Information" parentDisplayName="Lead" id="{9886ead0-4fcc-4747-9a18-08e7a9a6de71}" />
      </MissingDependency>
      <MissingDependency>
        <Required key="60" type="2" schemaName="telephone1" displayName="Business Phone" parentSchemaName="lead" parentDisplayName="Lead" solution="msdynce_LeadManagement (9.0.4.0066)" />
        <Dependent key="55" type="60" displayName="Information" parentDisplayName="Lead" id="{9886ead0-4fcc-4747-9a18-08e7a9a6de71}" />
      </MissingDependency>
      <MissingDependency>
        <Required key="61" type="2" schemaName="numberofemployees" displayName="No. of Employees" parentSchemaName="lead" parentDisplayName="Lead" solution="msdynce_LeadManagement (9.0.4.0066)" />
        <Dependent key="55" type="60" displayName="Information" parentDisplayName="Lead" id="{9886ead0-4fcc-4747-9a18-08e7a9a6de71}" />
      </MissingDependency>
      <MissingDependency>
        <Required key="62" type="2" schemaName="transactioncurrencyid" displayName="Currency" parentSchemaName="lead" parentDisplayName="Lead" solution="msdynce_LeadManagement (9.0.4.0066)" />
        <Dependent key="55" type="60" displayName="Information" parentDisplayName="Lead" id="{9886ead0-4fcc-4747-9a18-08e7a9a6de71}" />
      </MissingDependency>
      <MissingDependency>
        <Required key="63" type="2" schemaName="address1_city" displayName="City" parentSchemaName="lead" parentDisplayName="Lead" solution="msdynce_LeadManagement (9.0.4.0066)" />
        <Dependent key="55" type="60" displayName="Information" parentDisplayName="Lead" id="{9886ead0-4fcc-4747-9a18-08e7a9a6de71}" />
      </MissingDependency>
      <MissingDependency>
        <Required key="64" type="2" schemaName="address1_line1" displayName="Street 1" parentSchemaName="lead" parentDisplayName="Lead" solution="msdynce_LeadManagement (9.0.4.0066)" />
        <Dependent key="55" type="60" displayName="Information" parentDisplayName="Lead" id="{9886ead0-4fcc-4747-9a18-08e7a9a6de71}" />
      </MissingDependency>
      <MissingDependency>
        <Required key="65" type="2" schemaName="websiteurl" displayName="Website" parentSchemaName="lead" parentDisplayName="Lead" solution="msdynce_LeadManagement (9.0.4.0066)" />
        <Dependent key="55" type="60" displayName="Information" parentDisplayName="Lead" id="{9886ead0-4fcc-4747-9a18-08e7a9a6de71}" />
      </MissingDependency>
      <MissingDependency>
        <Required key="66" type="2" schemaName="address1_country" displayName="Country/Region" parentSchemaName="lead" parentDisplayName="Lead" solution="msdynce_LeadManagement (9.0.4.0066)" />
        <Dependent key="55" type="60" displayName="Information" parentDisplayName="Lead" id="{9886ead0-4fcc-4747-9a18-08e7a9a6de71}" />
      </MissingDependency>
      <MissingDependency>
        <Required key="67" type="2" schemaName="industrycode" displayName="Industry" parentSchemaName="lead" parentDisplayName="Lead" solution="msdynce_LeadManagement (9.0.4.0066)" />
        <Dependent key="55" type="60" displayName="Information" parentDisplayName="Lead" id="{9886ead0-4fcc-4747-9a18-08e7a9a6de71}" />
      </MissingDependency>
      <MissingDependency>
        <Required key="68" type="2" schemaName="address1_postalcode" displayName="ZIP/Postal Code" parentSchemaName="lead" parentDisplayName="Lead" solution="msdynce_LeadManagement (9.0.4.0066)" />
        <Dependent key="55" type="60" displayName="Information" parentDisplayName="Lead" id="{9886ead0-4fcc-4747-9a18-08e7a9a6de71}" />
      </MissingDependency>
      <MissingDependency>
        <Required key="69" type="2" schemaName="campaignid" displayName="Source Campaign" parentSchemaName="lead" parentDisplayName="Lead" solution="msdynce_Marketing (9.0.4.37)" />
        <Dependent key="55" type="60" displayName="Information" parentDisplayName="Lead" id="{9886ead0-4fcc-4747-9a18-08e7a9a6de71}" />
      </MissingDependency>
      <MissingDependency>
        <Required key="70" type="2" schemaName="sic" displayName="SIC Code" parentSchemaName="lead" parentDisplayName="Lead" solution="msdynce_LeadManagement (9.0.4.0066)" />
        <Dependent key="55" type="60" displayName="Information" parentDisplayName="Lead" id="{9886ead0-4fcc-4747-9a18-08e7a9a6de71}" />
      </MissingDependency>
      <MissingDependency>
        <Required key="71" type="2" schemaName="address1_line3" displayName="Street 3" parentSchemaName="lead" parentDisplayName="Lead" solution="msdynce_LeadManagement (9.0.4.0066)" />
        <Dependent key="55" type="60" displayName="Information" parentDisplayName="Lead" id="{9886ead0-4fcc-4747-9a18-08e7a9a6de71}" />
      </MissingDependency>
      <MissingDependency>
        <Required key="72" type="2" schemaName="jobtitle" displayName="Job Title" parentSchemaName="lead" parentDisplayName="Lead" solution="msdynce_LeadManagement (9.0.4.0066)" />
        <Dependent key="55" type="60" displayName="Information" parentDisplayName="Lead" id="{9886ead0-4fcc-4747-9a18-08e7a9a6de71}" />
      </MissingDependency>
      <MissingDependency>
        <Required key="73" type="2" schemaName="emailaddress1" displayName="Email" parentSchemaName="lead" parentDisplayName="Lead" solution="msdynce_LeadManagement (9.0.4.0066)" />
        <Dependent key="55" type="60" displayName="Information" parentDisplayName="Lead" id="{9886ead0-4fcc-4747-9a18-08e7a9a6de71}" />
      </MissingDependency>
      <MissingDependency>
        <Required key="74" type="2" schemaName="salutation" displayName="Salutation" parentSchemaName="lead" parentDisplayName="Lead" solution="msdynce_LeadManagement (9.0.4.0066)" />
        <Dependent key="55" type="60" displayName="Information" parentDisplayName="Lead" id="{9886ead0-4fcc-4747-9a18-08e7a9a6de71}" />
      </MissingDependency>
      <MissingDependency>
        <Required key="75" type="2" schemaName="donotphone" displayName="Do not allow Phone Calls" parentSchemaName="lead" parentDisplayName="Lead" solution="msdynce_LeadManagement (9.0.4.0066)" />
        <Dependent key="55" type="60" displayName="Information" parentDisplayName="Lead" id="{9886ead0-4fcc-4747-9a18-08e7a9a6de71}" />
      </MissingDependency>
      <MissingDependency>
        <Required key="76" type="2" schemaName="companyname" displayName="Company Name" parentSchemaName="lead" parentDisplayName="Lead" solution="msdynce_LeadManagement (9.0.4.0066)" />
        <Dependent key="55" type="60" displayName="Information" parentDisplayName="Lead" id="{9886ead0-4fcc-4747-9a18-08e7a9a6de71}" />
      </MissingDependency>
      <MissingDependency>
        <Required key="77" type="2" schemaName="preferredcontactmethodcode" displayName="Preferred Method of Contact" parentSchemaName="lead" parentDisplayName="Lead" solution="msdynce_LeadManagement (9.0.4.0066)" />
        <Dependent key="55" type="60" displayName="Information" parentDisplayName="Lead" id="{9886ead0-4fcc-4747-9a18-08e7a9a6de71}" />
      </MissingDependency>
      <MissingDependency>
        <Required key="78" type="2" schemaName="statuscode" displayName="Status Reason" parentSchemaName="lead" parentDisplayName="Lead" solution="msdynce_LeadManagement (9.0.4.0066)" />
        <Dependent key="55" type="60" displayName="Information" parentDisplayName="Lead" id="{9886ead0-4fcc-4747-9a18-08e7a9a6de71}" />
      </MissingDependency>
      <MissingDependency>
        <Required key="79" type="2" schemaName="followemail" displayName="Follow Email Activity" parentSchemaName="lead" parentDisplayName="Lead" solution="msdynce_LeadManagement (9.0.4.0066)" />
        <Dependent key="55" type="60" displayName="Information" parentDisplayName="Lead" id="{9886ead0-4fcc-4747-9a18-08e7a9a6de71}" />
      </MissingDependency>
      <MissingDependency>
        <Required key="80" type="2" schemaName="fax" displayName="Fax" parentSchemaName="lead" parentDisplayName="Lead" solution="msdynce_LeadManagement (9.0.4.0066)" />
        <Dependent key="55" type="60" displayName="Information" parentDisplayName="Lead" id="{9886ead0-4fcc-4747-9a18-08e7a9a6de71}" />
      </MissingDependency>
      <MissingDependency>
        <Required key="81" type="2" schemaName="leadqualitycode" displayName="Rating" parentSchemaName="lead" parentDisplayName="Lead" solution="msdynce_LeadManagement (9.0.4.0066)" />
        <Dependent key="55" type="60" displayName="Information" parentDisplayName="Lead" id="{9886ead0-4fcc-4747-9a18-08e7a9a6de71}" />
      </MissingDependency>
      <MissingDependency>
        <Required key="82" type="2" schemaName="lastusedincampaign" displayName="Last Campaign Date" parentSchemaName="lead" parentDisplayName="Lead" solution="msdynce_LeadManagement (9.0.4.0066)" />
        <Dependent key="55" type="60" displayName="Information" parentDisplayName="Lead" id="{9886ead0-4fcc-4747-9a18-08e7a9a6de71}" />
      </MissingDependency>
      <MissingDependency>
        <Required key="83" type="2" schemaName="mobilephone" displayName="Mobile Phone" parentSchemaName="lead" parentDisplayName="Lead" solution="msdynce_LeadManagement (9.0.4.0066)" />
        <Dependent key="55" type="60" displayName="Information" parentDisplayName="Lead" id="{9886ead0-4fcc-4747-9a18-08e7a9a6de71}" />
      </MissingDependency>
      <MissingDependency>
        <Required key="84" type="2" schemaName="telephone3" displayName="Other Phone" parentSchemaName="lead" parentDisplayName="Lead" solution="msdynce_LeadManagement (9.0.4.0066)" />
        <Dependent key="55" type="60" displayName="Information" parentDisplayName="Lead" id="{9886ead0-4fcc-4747-9a18-08e7a9a6de71}" />
      </MissingDependency>
      <MissingDependency>
        <Required key="85" type="2" schemaName="firstname" displayName="First Name" parentSchemaName="lead" parentDisplayName="Lead" solution="msdynce_LeadManagement (9.0.4.0066)" />
        <Dependent key="55" type="60" displayName="Information" parentDisplayName="Lead" id="{9886ead0-4fcc-4747-9a18-08e7a9a6de71}" />
      </MissingDependency>
      <MissingDependency>
        <Required key="86" type="2" schemaName="leadsourcecode" displayName="Lead Source" parentSchemaName="lead" parentDisplayName="Lead" solution="msdynce_LeadManagement (9.0.4.0066)" />
        <Dependent key="55" type="60" displayName="Information" parentDisplayName="Lead" id="{9886ead0-4fcc-4747-9a18-08e7a9a6de71}" />
      </MissingDependency>
      <MissingDependency>
        <Required key="87" type="2" schemaName="telephone2" displayName="Home Phone" parentSchemaName="lead" parentDisplayName="Lead" solution="msdynce_LeadManagement (9.0.4.0066)" />
        <Dependent key="55" type="60" displayName="Information" parentDisplayName="Lead" id="{9886ead0-4fcc-4747-9a18-08e7a9a6de71}" />
      </MissingDependency>
      <MissingDependency>
        <Required key="88" type="2" schemaName="address1_stateorprovince" displayName="State/Province" parentSchemaName="lead" parentDisplayName="Lead" solution="msdynce_LeadManagement (9.0.4.0066)" />
        <Dependent key="55" type="60" displayName="Information" parentDisplayName="Lead" id="{9886ead0-4fcc-4747-9a18-08e7a9a6de71}" />
      </MissingDependency>
      <MissingDependency>
        <Required key="49" type="2" schemaName="ownerid" displayName="Owner" parentSchemaName="lead" parentDisplayName="Lead" solution="msdynce_LeadManagement (9.0.4.0066)" />
        <Dependent key="55" type="60" displayName="Information" parentDisplayName="Lead" id="{9886ead0-4fcc-4747-9a18-08e7a9a6de71}" />
      </MissingDependency>
      <MissingDependency>
        <Required key="89" type="2" schemaName="donotpostalmail" displayName="Do not allow Mails" parentSchemaName="lead" parentDisplayName="Lead" solution="msdynce_LeadManagement (9.0.4.0066)" />
        <Dependent key="55" type="60" displayName="Information" parentDisplayName="Lead" id="{9886ead0-4fcc-4747-9a18-08e7a9a6de71}" />
      </MissingDependency>
      <MissingDependency>
        <Required key="90" type="2" schemaName="revenue" displayName="Annual Revenue" parentSchemaName="lead" parentDisplayName="Lead" solution="msdynce_LeadManagement (9.0.4.0066)" />
        <Dependent key="55" type="60" displayName="Information" parentDisplayName="Lead" id="{9886ead0-4fcc-4747-9a18-08e7a9a6de71}" />
      </MissingDependency>
      <MissingDependency>
        <Required key="91" type="2" schemaName="donotfax" displayName="Do not allow Faxes" parentSchemaName="lead" parentDisplayName="Lead" solution="msdynce_LeadManagement (9.0.4.0066)" />
        <Dependent key="55" type="60" displayName="Information" parentDisplayName="Lead" id="{9886ead0-4fcc-4747-9a18-08e7a9a6de71}" />
      </MissingDependency>
      <MissingDependency>
        <Required key="92" type="2" schemaName="donotbulkemail" displayName="Do not allow Bulk Emails" parentSchemaName="lead" parentDisplayName="Lead" solution="msdynce_LeadManagement (9.0.4.0066)" />
        <Dependent key="55" type="60" displayName="Information" parentDisplayName="Lead" id="{9886ead0-4fcc-4747-9a18-08e7a9a6de71}" />
      </MissingDependency>
      <MissingDependency>
        <Required key="93" type="2" schemaName="pager" displayName="Pager" parentSchemaName="lead" parentDisplayName="Lead" solution="msdynce_LeadManagement (9.0.4.0066)" />
        <Dependent key="55" type="60" displayName="Information" parentDisplayName="Lead" id="{9886ead0-4fcc-4747-9a18-08e7a9a6de71}" />
      </MissingDependency>
      <MissingDependency>
        <Required key="94" type="2" schemaName="subject" displayName="Topic" parentSchemaName="lead" parentDisplayName="Lead" solution="msdynce_LeadManagement (9.0.4.0066)" />
        <Dependent key="55" type="60" displayName="Information" parentDisplayName="Lead" id="{9886ead0-4fcc-4747-9a18-08e7a9a6de71}" />
      </MissingDependency>
      <MissingDependency>
        <Required key="67" type="2" schemaName="industrycode" displayName="Industry" parentSchemaName="lead" parentDisplayName="Lead" solution="msdynce_LeadManagement (9.0.4.0066)" />
        <Dependent key="14" type="60" displayName="Sales Insights" parentDisplayName="Lead" id="{e1ec2c0c-1744-42fa-a346-fb8237357d0f}" />
      </MissingDependency>
      <MissingDependency>
        <Required key="79" type="2" schemaName="followemail" displayName="Follow Email Activity" parentSchemaName="lead" parentDisplayName="Lead" solution="msdynce_LeadManagement (9.0.4.0066)" />
        <Dependent key="14" type="60" displayName="Sales Insights" parentDisplayName="Lead" id="{e1ec2c0c-1744-42fa-a346-fb8237357d0f}" />
      </MissingDependency>
      <MissingDependency>
        <Required key="83" type="2" schemaName="mobilephone" displayName="Mobile Phone" parentSchemaName="lead" parentDisplayName="Lead" solution="msdynce_LeadManagement (9.0.4.0066)" />
        <Dependent key="14" type="60" displayName="Sales Insights" parentDisplayName="Lead" id="{e1ec2c0c-1744-42fa-a346-fb8237357d0f}" />
      </MissingDependency>
      <MissingDependency>
        <Required key="56" type="2" schemaName="donotsendmm" displayName="Marketing Material" parentSchemaName="lead" parentDisplayName="Lead" solution="msdynce_LeadManagement (9.0.4.0066)" />
        <Dependent key="14" type="60" displayName="Sales Insights" parentDisplayName="Lead" id="{e1ec2c0c-1744-42fa-a346-fb8237357d0f}" />
      </MissingDependency>
      <MissingDependency>
        <Required key="60" type="2" schemaName="telephone1" displayName="Business Phone" parentSchemaName="lead" parentDisplayName="Lead" solution="msdynce_LeadManagement (9.0.4.0066)" />
        <Dependent key="14" type="60" displayName="Sales Insights" parentDisplayName="Lead" id="{e1ec2c0c-1744-42fa-a346-fb8237357d0f}" />
      </MissingDependency>
      <MissingDependency>
        <Required key="90" type="2" schemaName="revenue" displayName="Annual Revenue" parentSchemaName="lead" parentDisplayName="Lead" solution="msdynce_LeadManagement (9.0.4.0066)" />
        <Dependent key="14" type="60" displayName="Sales Insights" parentDisplayName="Lead" id="{e1ec2c0c-1744-42fa-a346-fb8237357d0f}" />
      </MissingDependency>
      <MissingDependency>
        <Required key="77" type="2" schemaName="preferredcontactmethodcode" displayName="Preferred Method of Contact" parentSchemaName="lead" parentDisplayName="Lead" solution="msdynce_LeadManagement (9.0.4.0066)" />
        <Dependent key="14" type="60" displayName="Sales Insights" parentDisplayName="Lead" id="{e1ec2c0c-1744-42fa-a346-fb8237357d0f}" />
      </MissingDependency>
      <MissingDependency>
        <Required key="72" type="2" schemaName="jobtitle" displayName="Job Title" parentSchemaName="lead" parentDisplayName="Lead" solution="msdynce_LeadManagement (9.0.4.0066)" />
        <Dependent key="14" type="60" displayName="Sales Insights" parentDisplayName="Lead" id="{e1ec2c0c-1744-42fa-a346-fb8237357d0f}" />
      </MissingDependency>
      <MissingDependency>
        <Required key="62" type="2" schemaName="transactioncurrencyid" displayName="Currency" parentSchemaName="lead" parentDisplayName="Lead" solution="msdynce_LeadManagement (9.0.4.0066)" />
        <Dependent key="14" type="60" displayName="Sales Insights" parentDisplayName="Lead" id="{e1ec2c0c-1744-42fa-a346-fb8237357d0f}" />
      </MissingDependency>
      <MissingDependency>
        <Required key="70" type="2" schemaName="sic" displayName="SIC Code" parentSchemaName="lead" parentDisplayName="Lead" solution="msdynce_LeadManagement (9.0.4.0066)" />
        <Dependent key="14" type="60" displayName="Sales Insights" parentDisplayName="Lead" id="{e1ec2c0c-1744-42fa-a346-fb8237357d0f}" />
      </MissingDependency>
      <MissingDependency>
        <Required key="81" type="2" schemaName="leadqualitycode" displayName="Rating" parentSchemaName="lead" parentDisplayName="Lead" solution="msdynce_LeadManagement (9.0.4.0066)" />
        <Dependent key="14" type="60" displayName="Sales Insights" parentDisplayName="Lead" id="{e1ec2c0c-1744-42fa-a346-fb8237357d0f}" />
      </MissingDependency>
      <MissingDependency>
        <Required key="94" type="2" schemaName="subject" displayName="Topic" parentSchemaName="lead" parentDisplayName="Lead" solution="msdynce_LeadManagement (9.0.4.0066)" />
        <Dependent key="14" type="60" displayName="Sales Insights" parentDisplayName="Lead" id="{e1ec2c0c-1744-42fa-a346-fb8237357d0f}" />
      </MissingDependency>
      <MissingDependency>
        <Required key="76" type="2" schemaName="companyname" displayName="Company Name" parentSchemaName="lead" parentDisplayName="Lead" solution="msdynce_LeadManagement (9.0.4.0066)" />
        <Dependent key="14" type="60" displayName="Sales Insights" parentDisplayName="Lead" id="{e1ec2c0c-1744-42fa-a346-fb8237357d0f}" />
      </MissingDependency>
      <MissingDependency>
        <Required key="95" type="2" schemaName="fullname" displayName="Name" parentSchemaName="lead" parentDisplayName="Lead" solution="msdynce_LeadManagement (9.0.4.0066)" />
        <Dependent key="14" type="60" displayName="Sales Insights" parentDisplayName="Lead" id="{e1ec2c0c-1744-42fa-a346-fb8237357d0f}" />
      </MissingDependency>
      <MissingDependency>
        <Required key="89" type="2" schemaName="donotpostalmail" displayName="Do not allow Mails" parentSchemaName="lead" parentDisplayName="Lead" solution="msdynce_LeadManagement (9.0.4.0066)" />
        <Dependent key="14" type="60" displayName="Sales Insights" parentDisplayName="Lead" id="{e1ec2c0c-1744-42fa-a346-fb8237357d0f}" />
      </MissingDependency>
      <MissingDependency>
        <Required key="78" type="2" schemaName="statuscode" displayName="Status Reason" parentSchemaName="lead" parentDisplayName="Lead" solution="msdynce_LeadManagement (9.0.4.0066)" />
        <Dependent key="14" type="60" displayName="Sales Insights" parentDisplayName="Lead" id="{e1ec2c0c-1744-42fa-a346-fb8237357d0f}" />
      </MissingDependency>
      <MissingDependency>
        <Required key="59" type="2" schemaName="donotemail" displayName="Do not allow Emails" parentSchemaName="lead" parentDisplayName="Lead" solution="msdynce_LeadManagement (9.0.4.0066)" />
        <Dependent key="14" type="60" displayName="Sales Insights" parentDisplayName="Lead" id="{e1ec2c0c-1744-42fa-a346-fb8237357d0f}" />
      </MissingDependency>
      <MissingDependency>
        <Required key="75" type="2" schemaName="donotphone" displayName="Do not allow Phone Calls" parentSchemaName="lead" parentDisplayName="Lead" solution="msdynce_LeadManagement (9.0.4.0066)" />
        <Dependent key="14" type="60" displayName="Sales Insights" parentDisplayName="Lead" id="{e1ec2c0c-1744-42fa-a346-fb8237357d0f}" />
      </MissingDependency>
      <MissingDependency>
        <Required key="92" type="2" schemaName="donotbulkemail" displayName="Do not allow Bulk Emails" parentSchemaName="lead" parentDisplayName="Lead" solution="msdynce_LeadManagement (9.0.4.0066)" />
        <Dependent key="14" type="60" displayName="Sales Insights" parentDisplayName="Lead" id="{e1ec2c0c-1744-42fa-a346-fb8237357d0f}" />
      </MissingDependency>
      <MissingDependency>
        <Required key="49" type="2" schemaName="ownerid" displayName="Owner" parentSchemaName="lead" parentDisplayName="Lead" solution="msdynce_LeadManagement (9.0.4.0066)" />
        <Dependent key="14" type="60" displayName="Sales Insights" parentDisplayName="Lead" id="{e1ec2c0c-1744-42fa-a346-fb8237357d0f}" />
      </MissingDependency>
      <MissingDependency>
        <Required key="61" type="2" schemaName="numberofemployees" displayName="No. of Employees" parentSchemaName="lead" parentDisplayName="Lead" solution="msdynce_LeadManagement (9.0.4.0066)" />
        <Dependent key="14" type="60" displayName="Sales Insights" parentDisplayName="Lead" id="{e1ec2c0c-1744-42fa-a346-fb8237357d0f}" />
      </MissingDependency>
      <MissingDependency>
        <Required key="54" type="2" schemaName="description" displayName="Description" parentSchemaName="lead" parentDisplayName="Lead" solution="msdynce_LeadManagement (9.0.4.0066)" />
        <Dependent key="14" type="60" displayName="Sales Insights" parentDisplayName="Lead" id="{e1ec2c0c-1744-42fa-a346-fb8237357d0f}" />
      </MissingDependency>
      <MissingDependency>
        <Required key="65" type="2" schemaName="websiteurl" displayName="Website" parentSchemaName="lead" parentDisplayName="Lead" solution="msdynce_LeadManagement (9.0.4.0066)" />
        <Dependent key="14" type="60" displayName="Sales Insights" parentDisplayName="Lead" id="{e1ec2c0c-1744-42fa-a346-fb8237357d0f}" />
      </MissingDependency>
      <MissingDependency>
        <Required key="82" type="2" schemaName="lastusedincampaign" displayName="Last Campaign Date" parentSchemaName="lead" parentDisplayName="Lead" solution="msdynce_LeadManagement (9.0.4.0066)" />
        <Dependent key="14" type="60" displayName="Sales Insights" parentDisplayName="Lead" id="{e1ec2c0c-1744-42fa-a346-fb8237357d0f}" />
      </MissingDependency>
      <MissingDependency>
        <Required key="86" type="2" schemaName="leadsourcecode" displayName="Lead Source" parentSchemaName="lead" parentDisplayName="Lead" solution="msdynce_LeadManagement (9.0.4.0066)" />
        <Dependent key="14" type="60" displayName="Sales Insights" parentDisplayName="Lead" id="{e1ec2c0c-1744-42fa-a346-fb8237357d0f}" />
      </MissingDependency>
      <MissingDependency>
        <Required key="73" type="2" schemaName="emailaddress1" displayName="Email" parentSchemaName="lead" parentDisplayName="Lead" solution="msdynce_LeadManagement (9.0.4.0066)" />
        <Dependent key="14" type="60" displayName="Sales Insights" parentDisplayName="Lead" id="{e1ec2c0c-1744-42fa-a346-fb8237357d0f}" />
      </MissingDependency>
      <MissingDependency>
        <Required key="96" type="2" schemaName="address1_composite" displayName="Address 1" parentSchemaName="lead" parentDisplayName="Lead" solution="msdynce_LeadManagement (9.0.4.0066)" />
        <Dependent key="14" type="60" displayName="Sales Insights" parentDisplayName="Lead" id="{e1ec2c0c-1744-42fa-a346-fb8237357d0f}" />
      </MissingDependency>
      <MissingDependency>
        <Required key="51" type="2" schemaName="leadid" displayName="Lead" parentSchemaName="lead" parentDisplayName="Lead" solution="msdynce_LeadManagement (9.0.4.0066)" />
        <Dependent key="97" type="26" schemaName="Active OnBoardingProcess on my Leads" displayName="Active OnBoardingProcess on my Leads" parentSchemaName="cg123_onboardingprocess" parentDisplayName="OnBoardingProcess" id="{b4a691fc-3307-4b9b-956e-d675f705e96d}" />
      </MissingDependency>
      <MissingDependency>
        <Required key="49" type="2" schemaName="ownerid" displayName="Owner" parentSchemaName="lead" parentDisplayName="Lead" solution="msdynce_LeadManagement (9.0.4.0066)" />
        <Dependent key="97" type="26" schemaName="Active OnBoardingProcess on my Leads" displayName="Active OnBoardingProcess on my Leads" parentSchemaName="cg123_onboardingprocess" parentDisplayName="OnBoardingProcess" id="{b4a691fc-3307-4b9b-956e-d675f705e96d}" />
      </MissingDependency>
      <MissingDependency>
        <Required key="95" type="2" schemaName="fullname" displayName="Name" parentSchemaName="lead" parentDisplayName="Lead" solution="msdynce_LeadManagement (9.0.4.0066)" />
        <Dependent key="98" type="26" schemaName="Leads I Follow" displayName="Leads I Follow" parentSchemaName="lead" parentDisplayName="Lead" id="{d603107c-5e90-e011-95ae-00155d9cfa02}" />
      </MissingDependency>
      <MissingDependency>
        <Required key="42" type="2" schemaName="createdon" displayName="Created On" parentSchemaName="lead" parentDisplayName="Lead" solution="msdynce_LeadManagement (9.0.4.0066)" />
        <Dependent key="98" type="26" schemaName="Leads I Follow" displayName="Leads I Follow" parentSchemaName="lead" parentDisplayName="Lead" id="{d603107c-5e90-e011-95ae-00155d9cfa02}" />
      </MissingDependency>
      <MissingDependency>
        <Required key="94" type="2" schemaName="subject" displayName="Topic" parentSchemaName="lead" parentDisplayName="Lead" solution="msdynce_LeadManagement (9.0.4.0066)" />
        <Dependent key="98" type="26" schemaName="Leads I Follow" displayName="Leads I Follow" parentSchemaName="lead" parentDisplayName="Lead" id="{d603107c-5e90-e011-95ae-00155d9cfa02}" />
      </MissingDependency>
      <MissingDependency>
        <Required key="99" type="2" schemaName="statecode" displayName="Status" parentSchemaName="lead" parentDisplayName="Lead" solution="msdynce_LeadManagement (9.0.4.0066)" />
        <Dependent key="98" type="26" schemaName="Leads I Follow" displayName="Leads I Follow" parentSchemaName="lead" parentDisplayName="Lead" id="{d603107c-5e90-e011-95ae-00155d9cfa02}" />
      </MissingDependency>
      <MissingDependency>
        <Required key="78" type="2" schemaName="statuscode" displayName="Status Reason" parentSchemaName="lead" parentDisplayName="Lead" solution="msdynce_LeadManagement (9.0.4.0066)" />
        <Dependent key="98" type="26" schemaName="Leads I Follow" displayName="Leads I Follow" parentSchemaName="lead" parentDisplayName="Lead" id="{d603107c-5e90-e011-95ae-00155d9cfa02}" />
      </MissingDependency>
      <MissingDependency>
        <Required key="49" type="2" schemaName="ownerid" displayName="Owner" parentSchemaName="lead" parentDisplayName="Lead" solution="msdynce_LeadManagement (9.0.4.0066)" />
        <Dependent key="98" type="26" schemaName="Leads I Follow" displayName="Leads I Follow" parentSchemaName="lead" parentDisplayName="Lead" id="{d603107c-5e90-e011-95ae-00155d9cfa02}" />
      </MissingDependency>
      <MissingDependency>
        <Required key="51" type="2" schemaName="leadid" displayName="Lead" parentSchemaName="lead" parentDisplayName="Lead" solution="msdynce_LeadManagement (9.0.4.0066)" />
        <Dependent key="98" type="26" schemaName="Leads I Follow" displayName="Leads I Follow" parentSchemaName="lead" parentDisplayName="Lead" id="{d603107c-5e90-e011-95ae-00155d9cfa02}" />
      </MissingDependency>
      <MissingDependency>
        <Required key="37" type="2" schemaName="msdyn_contractorganizationalunitid" displayName="Contracting Unit" parentSchemaName="quote" parentDisplayName="Quote" solution="ProjectService (2.4.0.51)" />
        <Dependent key="48" type="29" displayName="Contracting Unit is Required" id="{8e47ba43-ec0b-e611-80ff-00155de26607}" />
      </MissingDependency>
      <MissingDependency>
        <Required key="46" type="2" schemaName="name" displayName="Name" parentSchemaName="quote" parentDisplayName="Quote" solution="msdynce_Sales (9.0.4.0076)" />
        <Dependent key="48" type="29" displayName="Contracting Unit is Required" id="{8e47ba43-ec0b-e611-80ff-00155de26607}" />
      </MissingDependency>
      <MissingDependency>
        <Required key="44" type="2" schemaName="quoteid" displayName="Quote" parentSchemaName="quote" parentDisplayName="Quote" solution="msdynce_Sales (9.0.4.0076)" />
        <Dependent key="48" type="29" displayName="Contracting Unit is Required" id="{8e47ba43-ec0b-e611-80ff-00155de26607}" />
      </MissingDependency>
      <MissingDependency>
        <Required key="95" type="2" schemaName="fullname" displayName="Name" parentSchemaName="lead" parentDisplayName="Lead" solution="msdynce_LeadManagement (9.0.4.0066)" />
        <Dependent key="100" type="10" schemaName="bpf_lead_cg123_onboardingprocess" displayName="bpf_lead_cg123_onboardingprocess" parentSchemaName="lead" parentDisplayName="Lead" />
      </MissingDependency>
      <MissingDependency>
        <Required key="101" type="2" schemaName="totalamount_base" displayName="Total Amount (Base)" parentSchemaName="quote" parentDisplayName="Quote" solution="msdynce_Sales (9.0.4.0076)" />
        <Dependent key="39" type="29" displayName="Hide base amount fields depending on currency" id="{a340028a-4874-e511-80e7-00155db91302}" />
      </MissingDependency>
      <MissingDependency>
        <Required key="102" type="2" schemaName="yomifullname" displayName="Yomi Full Name" parentSchemaName="lead" parentDisplayName="Lead" solution="msdynce_LeadManagement (9.0.4.0066)" />
        <Dependent key="100" type="10" schemaName="bpf_lead_cg123_onboardingprocess" displayName="bpf_lead_cg123_onboardingprocess" parentSchemaName="lead" parentDisplayName="Lead" />
      </MissingDependency>
      <MissingDependency>
        <Required key="51" type="2" schemaName="leadid" displayName="Lead" parentSchemaName="lead" parentDisplayName="Lead" solution="msdynce_LeadManagement (9.0.4.0066)" />
        <Dependent key="100" type="10" schemaName="bpf_lead_cg123_onboardingprocess" displayName="bpf_lead_cg123_onboardingprocess" parentSchemaName="lead" parentDisplayName="Lead" />
      </MissingDependency>
      <MissingDependency>
        <Required key="49" type="2" schemaName="ownerid" displayName="Owner" parentSchemaName="lead" parentDisplayName="Lead" solution="msdynce_LeadManagement (9.0.4.0066)" />
        <Dependent key="103" type="26" schemaName="Leads Being Followed" displayName="Leads Being Followed" parentSchemaName="lead" parentDisplayName="Lead" id="{d603107c-5e90-e011-95ae-00155d9cfa03}" />
      </MissingDependency>
      <MissingDependency>
        <Required key="42" type="2" schemaName="createdon" displayName="Created On" parentSchemaName="lead" parentDisplayName="Lead" solution="msdynce_LeadManagement (9.0.4.0066)" />
        <Dependent key="103" type="26" schemaName="Leads Being Followed" displayName="Leads Being Followed" parentSchemaName="lead" parentDisplayName="Lead" id="{d603107c-5e90-e011-95ae-00155d9cfa03}" />
      </MissingDependency>
      <MissingDependency>
        <Required key="94" type="2" schemaName="subject" displayName="Topic" parentSchemaName="lead" parentDisplayName="Lead" solution="msdynce_LeadManagement (9.0.4.0066)" />
        <Dependent key="103" type="26" schemaName="Leads Being Followed" displayName="Leads Being Followed" parentSchemaName="lead" parentDisplayName="Lead" id="{d603107c-5e90-e011-95ae-00155d9cfa03}" />
      </MissingDependency>
      <MissingDependency>
        <Required key="78" type="2" schemaName="statuscode" displayName="Status Reason" parentSchemaName="lead" parentDisplayName="Lead" solution="msdynce_LeadManagement (9.0.4.0066)" />
        <Dependent key="103" type="26" schemaName="Leads Being Followed" displayName="Leads Being Followed" parentSchemaName="lead" parentDisplayName="Lead" id="{d603107c-5e90-e011-95ae-00155d9cfa03}" />
      </MissingDependency>
      <MissingDependency>
        <Required key="95" type="2" schemaName="fullname" displayName="Name" parentSchemaName="lead" parentDisplayName="Lead" solution="msdynce_LeadManagement (9.0.4.0066)" />
        <Dependent key="103" type="26" schemaName="Leads Being Followed" displayName="Leads Being Followed" parentSchemaName="lead" parentDisplayName="Lead" id="{d603107c-5e90-e011-95ae-00155d9cfa03}" />
      </MissingDependency>
      <MissingDependency>
        <Required key="99" type="2" schemaName="statecode" displayName="Status" parentSchemaName="lead" parentDisplayName="Lead" solution="msdynce_LeadManagement (9.0.4.0066)" />
        <Dependent key="103" type="26" schemaName="Leads Being Followed" displayName="Leads Being Followed" parentSchemaName="lead" parentDisplayName="Lead" id="{d603107c-5e90-e011-95ae-00155d9cfa03}" />
      </MissingDependency>
      <MissingDependency>
        <Required key="51" type="2" schemaName="leadid" displayName="Lead" parentSchemaName="lead" parentDisplayName="Lead" solution="msdynce_LeadManagement (9.0.4.0066)" />
        <Dependent key="103" type="26" schemaName="Leads Being Followed" displayName="Leads Being Followed" parentSchemaName="lead" parentDisplayName="Lead" id="{d603107c-5e90-e011-95ae-00155d9cfa03}" />
      </MissingDependency>
      <MissingDependency>
        <Required key="46" type="2" schemaName="name" displayName="Name" parentSchemaName="quote" parentDisplayName="Quote" solution="msdynce_Sales (9.0.4.0076)" />
        <Dependent key="104" type="29" displayName="OnBoardingProcess" id="{8cfa183f-cba9-4f5f-84ff-5bf3ac7db8cc}" />
      </MissingDependency>
      <MissingDependency>
        <Required key="51" type="2" schemaName="leadid" displayName="Lead" parentSchemaName="lead" parentDisplayName="Lead" solution="msdynce_LeadManagement (9.0.4.0066)" />
        <Dependent key="104" type="29" displayName="OnBoardingProcess" id="{8cfa183f-cba9-4f5f-84ff-5bf3ac7db8cc}" />
      </MissingDependency>
      <MissingDependency>
        <Required key="44" type="2" schemaName="quoteid" displayName="Quote" parentSchemaName="quote" parentDisplayName="Quote" solution="msdynce_Sales (9.0.4.0076)" />
        <Dependent key="104" type="29" displayName="OnBoardingProcess" id="{8cfa183f-cba9-4f5f-84ff-5bf3ac7db8cc}" />
      </MissingDependency>
      <MissingDependency>
        <Required key="105" type="2" schemaName="statuscode" displayName="Status Reason" parentSchemaName="quote" parentDisplayName="Quote" solution="msdynce_Sales (9.0.4.0076)" />
        <Dependent key="104" type="29" displayName="OnBoardingProcess" id="{8cfa183f-cba9-4f5f-84ff-5bf3ac7db8cc}" />
      </MissingDependency>
      <MissingDependency>
        <Required key="63" type="2" schemaName="address1_city" displayName="City" parentSchemaName="lead" parentDisplayName="Lead" solution="msdynce_LeadManagement (9.0.4.0066)" />
        <Dependent key="104" type="29" displayName="OnBoardingProcess" id="{8cfa183f-cba9-4f5f-84ff-5bf3ac7db8cc}" />
      </MissingDependency>
      <MissingDependency>
        <Required key="95" type="2" schemaName="fullname" displayName="Name" parentSchemaName="lead" parentDisplayName="Lead" solution="msdynce_LeadManagement (9.0.4.0066)" />
        <Dependent key="104" type="29" displayName="OnBoardingProcess" id="{8cfa183f-cba9-4f5f-84ff-5bf3ac7db8cc}" />
      </MissingDependency>
      <MissingDependency>
        <Required key="72" type="2" schemaName="jobtitle" displayName="Job Title" parentSchemaName="lead" parentDisplayName="Lead" solution="msdynce_LeadManagement (9.0.4.0066)" />
        <Dependent key="104" type="29" displayName="OnBoardingProcess" id="{8cfa183f-cba9-4f5f-84ff-5bf3ac7db8cc}" />
      </MissingDependency>
      <MissingDependency>
        <Required key="106" type="2" schemaName="msdyn_totalnonchargeablecostrollup_base" displayName="Total Non-chargeable Cost (Base)" parentSchemaName="quote" parentDisplayName="Quote" solution="ProjectService (2.4.0.51)" />
        <Dependent key="39" type="29" displayName="Hide base amount fields depending on currency" id="{a340028a-4874-e511-80e7-00155db91302}" />
      </MissingDependency>
      <MissingDependency>
        <Required key="44" type="2" schemaName="quoteid" displayName="Quote" parentSchemaName="quote" parentDisplayName="Quote" solution="msdynce_Sales (9.0.4.0076)" />
        <Dependent key="39" type="29" displayName="Hide base amount fields depending on currency" id="{a340028a-4874-e511-80e7-00155db91302}" />
      </MissingDependency>
      <MissingDependency>
        <Required key="46" type="2" schemaName="name" displayName="Name" parentSchemaName="quote" parentDisplayName="Quote" solution="msdynce_Sales (9.0.4.0076)" />
        <Dependent key="39" type="29" displayName="Hide base amount fields depending on currency" id="{a340028a-4874-e511-80e7-00155db91302}" />
      </MissingDependency>
      <MissingDependency>
        <Required key="107" type="2" schemaName="msdyn_totalchargeablecostrollup_base" displayName="Total Chargeable Cost (Base)" parentSchemaName="quote" parentDisplayName="Quote" solution="ProjectService (2.4.0.51)" />
        <Dependent key="39" type="29" displayName="Hide base amount fields depending on currency" id="{a340028a-4874-e511-80e7-00155db91302}" />
      </MissingDependency>
      <MissingDependency>
        <Required key="108" type="10" schemaName="msdyn_account_quote_Account" displayName="msdyn_account_quote_Account" parentSchemaName="account" parentDisplayName="Account" solution="FieldService (7.4.0.80)" />
        <Dependent key="108" type="10" schemaName="msdyn_account_quote_Account" displayName="msdyn_account_quote_Account" parentSchemaName="account" parentDisplayName="Account" />
      </MissingDependency>
      <MissingDependency>
        <Required key="53" type="10" schemaName="msdyn_accountmanager_quote" displayName="msdyn_accountmanager_quote" parentSchemaName="systemuser" parentDisplayName="User" solution="ProjectService (2.4.0.51)" />
        <Dependent key="53" type="10" schemaName="msdyn_accountmanager_quote" displayName="msdyn_accountmanager_quote" parentSchemaName="systemuser" parentDisplayName="User" />
      </MissingDependency>
      <MissingDependency>
        <Required key="18" type="10" schemaName="msdyn_organizationalunit_quote" displayName="msdyn_organizationalunit_quote" parentSchemaName="msdyn_organizationalunit" parentDisplayName="Organizational Unit" solution="ProjectService (2.4.0.51)" />
        <Dependent key="18" type="10" schemaName="msdyn_organizationalunit_quote" displayName="msdyn_organizationalunit_quote" parentSchemaName="msdyn_organizationalunit" parentDisplayName="Organizational Unit" />
      </MissingDependency>
      <MissingDependency>
        <Required key="53" type="10" schemaName="msdyn_accountmanager_quote" displayName="msdyn_accountmanager_quote" parentSchemaName="systemuser" parentDisplayName="User" solution="ProjectService (2.4.0.51)" />
        <Dependent key="109" type="2" schemaName="msdyn_accountmanageridname" parentSchemaName="quote" parentDisplayName="Quote" />
      </MissingDependency>
      <MissingDependency>
        <Required key="108" type="10" schemaName="msdyn_account_quote_Account" displayName="msdyn_account_quote_Account" parentSchemaName="account" parentDisplayName="Account" solution="FieldService (7.4.0.80)" />
        <Dependent key="110" type="2" schemaName="msdyn_accountname" parentSchemaName="quote" parentDisplayName="Quote" />
      </MissingDependency>
      <MissingDependency>
        <Required key="18" type="10" schemaName="msdyn_organizationalunit_quote" displayName="msdyn_organizationalunit_quote" parentSchemaName="msdyn_organizationalunit" parentDisplayName="Organizational Unit" solution="ProjectService (2.4.0.51)" />
        <Dependent key="111" type="2" schemaName="msdyn_contractorganizationalunitidname" parentSchemaName="quote" parentDisplayName="Quote" />
      </MissingDependency>
      <MissingDependency>
        <Required key="108" type="10" schemaName="msdyn_account_quote_Account" displayName="msdyn_account_quote_Account" parentSchemaName="account" parentDisplayName="Account" solution="FieldService (7.4.0.80)" />
        <Dependent key="112" type="2" schemaName="msdyn_accountyominame" parentSchemaName="quote" parentDisplayName="Quote" />
      </MissingDependency>
      <MissingDependency>
        <Required key="53" type="10" schemaName="msdyn_accountmanager_quote" displayName="msdyn_accountmanager_quote" parentSchemaName="systemuser" parentDisplayName="User" solution="ProjectService (2.4.0.51)" />
        <Dependent key="113" type="2" schemaName="msdyn_accountmanageridyominame" parentSchemaName="quote" parentDisplayName="Quote" />
      </MissingDependency>
      <MissingDependency>
        <Required key="114" type="10" schemaName="msdyn_account_msdyn_rma_BillingAccount" displayName="msdyn_account_msdyn_rma_BillingAccount" parentSchemaName="account" parentDisplayName="Account" solution="FieldService (7.4.0.80)" />
        <Dependent key="16" type="60" displayName="Account" parentDisplayName="Account" id="{8448b78f-8f42-454e-8e2a-f8196b0419af}" />
      </MissingDependency>
      <MissingDependency>
        <Required key="115" type="10" schemaName="msdyn_territory_account_ServiceTerritory" displayName="msdyn_territory_account_ServiceTerritory" parentSchemaName="territory" parentDisplayName="Territory" solution="FieldService (7.4.0.80)" />
        <Dependent key="16" type="60" displayName="Account" parentDisplayName="Account" id="{8448b78f-8f42-454e-8e2a-f8196b0419af}" />
      </MissingDependency>
      <MissingDependency>
        <Required key="116" type="10" schemaName="msdyn_account_msdyn_accountpricelist_Account" displayName="msdyn_account_msdyn_accountpricelist_Account" parentSchemaName="account" parentDisplayName="Account" solution="ProjectService (2.4.0.51)" />
        <Dependent key="16" type="60" displayName="Account" parentDisplayName="Account" id="{8448b78f-8f42-454e-8e2a-f8196b0419af}" />
      </MissingDependency>
      <MissingDependency>
        <Required key="117" type="10" schemaName="msdyn_account_msdyn_payment_Account" displayName="msdyn_account_msdyn_payment_Account" parentSchemaName="account" parentDisplayName="Account" solution="FieldService (7.4.0.80)" />
        <Dependent key="16" type="60" displayName="Account" parentDisplayName="Account" id="{8448b78f-8f42-454e-8e2a-f8196b0419af}" />
      </MissingDependency>
      <MissingDependency>
        <Required key="118" type="10" schemaName="msdyn_msdyn_taxcode_account_SalesTaxCode" displayName="msdyn_msdyn_taxcode_account_SalesTaxCode" parentSchemaName="msdyn_taxcode" parentDisplayName="Tax Code" solution="FieldService (7.4.0.80)" />
        <Dependent key="16" type="60" displayName="Account" parentDisplayName="Account" id="{8448b78f-8f42-454e-8e2a-f8196b0419af}" />
      </MissingDependency>
      <MissingDependency>
        <Required key="119" type="10" schemaName="msdyn_account_msdyn_agreement_ServiceAccount" displayName="msdyn_account_msdyn_agreement_ServiceAccount" parentSchemaName="account" parentDisplayName="Account" solution="FieldService (7.4.0.80)" />
        <Dependent key="16" type="60" displayName="Account" parentDisplayName="Account" id="{8448b78f-8f42-454e-8e2a-f8196b0419af}" />
      </MissingDependency>
      <MissingDependency>
        <Required key="120" type="10" schemaName="msdyn_account_msdyn_rma_ServiceAccount" displayName="msdyn_account_msdyn_rma_ServiceAccount" parentSchemaName="account" parentDisplayName="Account" solution="FieldService (7.4.0.80)" />
        <Dependent key="16" type="60" displayName="Account" parentDisplayName="Account" id="{8448b78f-8f42-454e-8e2a-f8196b0419af}" />
      </MissingDependency>
      <MissingDependency>
        <Required key="121" type="10" schemaName="msdyn_account_account_BillingAccount" displayName="msdyn_account_account_BillingAccount" parentSchemaName="account" parentDisplayName="Account" solution="FieldService (7.4.0.80)" />
        <Dependent key="16" type="60" displayName="Account" parentDisplayName="Account" id="{8448b78f-8f42-454e-8e2a-f8196b0419af}" />
      </MissingDependency>
      <MissingDependency>
        <Required key="122" type="10" schemaName="msdyn_account_msdyn_workorder_BillingAccount" displayName="msdyn_account_msdyn_workorder_BillingAccount" parentSchemaName="account" parentDisplayName="Account" solution="FieldService (7.4.0.80)" />
        <Dependent key="16" type="60" displayName="Account" parentDisplayName="Account" id="{8448b78f-8f42-454e-8e2a-f8196b0419af}" />
      </MissingDependency>
      <MissingDependency>
        <Required key="123" type="10" schemaName="msdyn_account_msdyn_project_Customer" displayName="msdyn_account_msdyn_project_Customer" parentSchemaName="account" parentDisplayName="Account" solution="ProjectService (2.4.0.51)" />
        <Dependent key="16" type="60" displayName="Account" parentDisplayName="Account" id="{8448b78f-8f42-454e-8e2a-f8196b0419af}" />
      </MissingDependency>
      <MissingDependency>
        <Required key="124" type="10" schemaName="msdyn_account_msdyn_rtv_Vendor" displayName="msdyn_account_msdyn_rtv_Vendor" parentSchemaName="account" parentDisplayName="Account" solution="FieldService (7.4.0.80)" />
        <Dependent key="16" type="60" displayName="Account" parentDisplayName="Account" id="{8448b78f-8f42-454e-8e2a-f8196b0419af}" />
      </MissingDependency>
      <MissingDependency>
        <Required key="125" type="10" schemaName="msdyn_account_msdyn_purchaseorder_Vendor" displayName="msdyn_account_msdyn_purchaseorder_Vendor" parentSchemaName="account" parentDisplayName="Account" solution="FieldService (7.4.0.80)" />
        <Dependent key="16" type="60" displayName="Account" parentDisplayName="Account" id="{8448b78f-8f42-454e-8e2a-f8196b0419af}" />
      </MissingDependency>
      <MissingDependency>
        <Required key="126" type="10" schemaName="msdyn_account_msdyn_customerasset_Account" displayName="msdyn_account_msdyn_customerasset_Account" parentSchemaName="account" parentDisplayName="Account" solution="FieldService (7.4.0.80)" />
        <Dependent key="16" type="60" displayName="Account" parentDisplayName="Account" id="{8448b78f-8f42-454e-8e2a-f8196b0419af}" />
      </MissingDependency>
      <MissingDependency>
        <Required key="127" type="10" schemaName="msdyn_account_msdyn_workorder_ServiceAccount" displayName="msdyn_account_msdyn_workorder_ServiceAccount" parentSchemaName="account" parentDisplayName="Account" solution="FieldService (7.4.0.80)" />
        <Dependent key="16" type="60" displayName="Account" parentDisplayName="Account" id="{8448b78f-8f42-454e-8e2a-f8196b0419af}" />
      </MissingDependency>
      <MissingDependency>
        <Required key="128" type="10" schemaName="msdyn_account_msdyn_agreement_BillingAccount" displayName="msdyn_account_msdyn_agreement_BillingAccount" parentSchemaName="account" parentDisplayName="Account" solution="FieldService (7.4.0.80)" />
        <Dependent key="16" type="60" displayName="Account" parentDisplayName="Account" id="{8448b78f-8f42-454e-8e2a-f8196b0419af}" />
      </MissingDependency>
      <MissingDependency>
        <Required key="129" type="26" schemaName="Active Project Price Lists" displayName="Active Project Price Lists" parentSchemaName="msdyn_accountpricelist" parentDisplayName="Account Project Price List" solution="ProjectService (2.4.0.51)" id="{9e8bd99a-72e8-49fe-8c6f-ec1ac8407f5a}" />
        <Dependent key="16" type="60" displayName="Account" parentDisplayName="Account" id="{8448b78f-8f42-454e-8e2a-f8196b0419af}" />
      </MissingDependency>
      <MissingDependency>
        <Required key="130" type="26" schemaName="My Quotes" displayName="My Quotes" parentSchemaName="quote" parentDisplayName="Quote" solution="msdynce_Sales (9.0.4.0076)" id="{008fbb15-98e9-4c5d-a81a-e685ff8ccc2c}" />
        <Dependent key="36" type="60" displayName="Quotes Dashboard" parentDisplayName="Quote" id="{db86e637-863c-e711-80e0-00155d871bb4}" />
      </MissingDependency>
      <MissingDependency>
        <Required key="131" type="26" schemaName="All Quotes" displayName="All Quotes" parentSchemaName="quote" parentDisplayName="Quote" solution="msdynce_Sales (9.0.4.0076)" id="{00000000-0000-0000-00aa-000010013100}" />
        <Dependent key="36" type="60" displayName="Quotes Dashboard" parentDisplayName="Quote" id="{db86e637-863c-e711-80e0-00155d871bb4}" />
      </MissingDependency>
      <MissingDependency>
        <Required key="132" type="26" schemaName="Active Quotes" displayName="Active Quotes" parentSchemaName="quote" parentDisplayName="Quote" solution="msdynce_Sales (9.0.4.0076)" id="{cb46d7d1-f9d4-40b7-8a4c-187232647255}" />
        <Dependent key="36" type="60" displayName="Quotes Dashboard" parentDisplayName="Quote" id="{db86e637-863c-e711-80e0-00155d871bb4}" />
      </MissingDependency>
      <MissingDependency>
        <Required key="133" type="26" schemaName="All Leads" displayName="All Leads" parentSchemaName="lead" parentDisplayName="Lead" solution="msdynce_LeadManagement (9.0.4.0066)" id="{5a926b99-3a5f-df11-ae90-00155d2e3002}" />
        <Dependent key="43" type="60" displayName="Leads Dashboard" parentDisplayName="Lead" id="{9a14ebb4-143e-e711-80e1-00155d871bb4}" />
      </MissingDependency>
      <MissingDependency>
        <Required key="134" type="26" schemaName="Closed Leads" displayName="Closed Leads" parentSchemaName="lead" parentDisplayName="Lead" solution="msdynce_LeadManagement (9.0.4.0066)" id="{00000000-0000-0000-00aa-000010001009}" />
        <Dependent key="43" type="60" displayName="Leads Dashboard" parentDisplayName="Lead" id="{9a14ebb4-143e-e711-80e1-00155d871bb4}" />
      </MissingDependency>
      <MissingDependency>
        <Required key="135" type="26" schemaName="My Open Leads" displayName="My Open Leads" parentSchemaName="lead" parentDisplayName="Lead" solution="msdynce_LeadManagement (9.0.4.0066)" id="{00000000-0000-0000-00aa-000010001005}" />
        <Dependent key="43" type="60" displayName="Leads Dashboard" parentDisplayName="Lead" id="{9a14ebb4-143e-e711-80e1-00155d871bb4}" />
      </MissingDependency>
      <MissingDependency>
        <Required key="136" type="26" schemaName="Open Leads" displayName="Open Leads" parentSchemaName="lead" parentDisplayName="Lead" solution="msdynce_LeadManagement (9.0.4.0066)" id="{00000000-0000-0000-00aa-000010001006}" />
        <Dependent key="43" type="60" displayName="Leads Dashboard" parentDisplayName="Lead" id="{9a14ebb4-143e-e711-80e1-00155d871bb4}" />
      </MissingDependency>
      <MissingDependency>
        <Required key="137" type="26" schemaName="All Competitors (summary)" displayName="All Competitors (summary)" parentSchemaName="competitor" parentDisplayName="Competitor" solution="msdynce_Sales (9.0.4.0076)" id="{57bca9ac-87a0-4c28-adc8-2d0a4645f29e}" />
        <Dependent key="14" type="60" displayName="Sales Insights" parentDisplayName="Lead" id="{e1ec2c0c-1744-42fa-a346-fb8237357d0f}" />
      </MissingDependency>
      <MissingDependency>
        <Required key="48" type="29" displayName="Contracting Unit is Required" solution="ProjectService (2.4.0.51)" id="{8e47ba43-ec0b-e611-80ff-00155de26607}" />
        <Dependent key="48" type="29" displayName="Contracting Unit is Required" id="{8e47ba43-ec0b-e611-80ff-00155de26607}" />
      </MissingDependency>
      <MissingDependency>
        <Required key="39" type="29" displayName="Hide base amount fields depending on currency" solution="ProjectService (2.4.0.51)" id="{a340028a-4874-e511-80e7-00155db91302}" />
        <Dependent key="39" type="29" displayName="Hide base amount fields depending on currency" id="{a340028a-4874-e511-80e7-00155db91302}" />
      </MissingDependency>
      <MissingDependency>
        <Required key="138" type="59" schemaName="Quotes by Owner" displayName="Quotes by Owner" parentSchemaName="quote" parentDisplayName="Quote" solution="msdynce_Sales (9.0.4.0076)" id="{eef5a58e-853c-e711-80e0-00155d871bb4}" />
        <Dependent key="36" type="60" displayName="Quotes Dashboard" parentDisplayName="Quote" id="{db86e637-863c-e711-80e0-00155d871bb4}" />
      </MissingDependency>
      <MissingDependency>
        <Required key="139" type="59" schemaName="Quotes by Pricelist" displayName="Quotes by Pricelist" parentSchemaName="quote" parentDisplayName="Quote" solution="msdynce_Sales (9.0.4.0076)" id="{512436b4-853c-e711-80e0-00155d871bb4}" />
        <Dependent key="36" type="60" displayName="Quotes Dashboard" parentDisplayName="Quote" id="{db86e637-863c-e711-80e0-00155d871bb4}" />
      </MissingDependency>
      <MissingDependency>
        <Required key="140" type="59" schemaName="Quotes by Customer" displayName="Quotes by Customer" parentSchemaName="quote" parentDisplayName="Quote" solution="msdynce_Sales (9.0.4.0076)" id="{3ab1d76a-853c-e711-80e0-00155d871bb4}" />
        <Dependent key="36" type="60" displayName="Quotes Dashboard" parentDisplayName="Quote" id="{db86e637-863c-e711-80e0-00155d871bb4}" />
      </MissingDependency>
      <MissingDependency>
        <Required key="141" type="59" schemaName="Quotes by Status Reason" displayName="Quotes by Status Reason" parentSchemaName="quote" parentDisplayName="Quote" solution="msdynce_Sales (9.0.4.0076)" id="{d42a5af1-853c-e711-80e0-00155d871bb4}" />
        <Dependent key="36" type="60" displayName="Quotes Dashboard" parentDisplayName="Quote" id="{db86e637-863c-e711-80e0-00155d871bb4}" />
      </MissingDependency>
      <MissingDependency>
        <Required key="142" type="59" schemaName="Leads by Source (DOUGHNUT)" displayName="Leads by Source (DOUGHNUT)" parentSchemaName="lead" parentDisplayName="Lead" solution="msdynce_LeadManagement (9.0.4.0066)" id="{d311600c-163a-e711-80e3-00155d42a416}" />
        <Dependent key="43" type="60" displayName="Leads Dashboard" parentDisplayName="Lead" id="{9a14ebb4-143e-e711-80e1-00155d871bb4}" />
      </MissingDependency>
      <MissingDependency>
        <Required key="143" type="59" schemaName="Leads by Owner (Tag Chart)" displayName="Leads by Owner (Tag Chart)" parentSchemaName="lead" parentDisplayName="Lead" solution="msdynce_LeadManagement (9.0.4.0066)" id="{b92a5119-193a-e711-80e3-00155d42a416}" />
        <Dependent key="43" type="60" displayName="Leads Dashboard" parentDisplayName="Lead" id="{9a14ebb4-143e-e711-80e1-00155d871bb4}" />
      </MissingDependency>
      <MissingDependency>
        <Required key="144" type="59" schemaName="Leads by Rating" displayName="Leads by Rating" parentSchemaName="lead" parentDisplayName="Lead" solution="msdynce_LeadManagement (9.0.4.0066)" id="{f5976c58-5693-de11-97d4-00155da3b01e}" />
        <Dependent key="43" type="60" displayName="Leads Dashboard" parentDisplayName="Lead" id="{9a14ebb4-143e-e711-80e1-00155d871bb4}" />
      </MissingDependency>
      <MissingDependency>
        <Required key="145" type="60" displayName="account contact card" parentDisplayName="Contact" solution="msdynce_AppCommon (9.0.4.0066)" id="{29de27bc-a257-4f29-99cf-bab4a84e688f}" />
        <Dependent key="16" type="60" displayName="Account" parentDisplayName="Account" id="{8448b78f-8f42-454e-8e2a-f8196b0419af}" />
      </MissingDependency>
      <MissingDependency>
        <Required key="55" type="60" displayName="Information" parentDisplayName="Lead" solution="msdynce_LeadManagement (9.0.4.0066)" id="{9886ead0-4fcc-4747-9a18-08e7a9a6de71}" />
        <Dependent key="55" type="60" displayName="Information" parentDisplayName="Lead" id="{9886ead0-4fcc-4747-9a18-08e7a9a6de71}" />
      </MissingDependency>
      <MissingDependency>
        <Required key="14" type="60" displayName="Sales Insights" parentDisplayName="Lead" solution="SICommon (9.0.1.70243)" id="{e1ec2c0c-1744-42fa-a346-fb8237357d0f}" />
        <Dependent key="14" type="60" displayName="Sales Insights" parentDisplayName="Lead" id="{e1ec2c0c-1744-42fa-a346-fb8237357d0f}" />
      </MissingDependency>
      <MissingDependency>
        <Required key="16" type="60" displayName="Account" parentDisplayName="Account" solution="msdynce_AppCommon (9.0.4.0066)" id="{8448b78f-8f42-454e-8e2a-f8196b0419af}" />
        <Dependent key="16" type="60" displayName="Account" parentDisplayName="Account" id="{8448b78f-8f42-454e-8e2a-f8196b0419af}" />
      </MissingDependency>
      <MissingDependency>
        <Required key="36" type="60" displayName="Quotes Dashboard" parentDisplayName="Quote" solution="msdynce_Sales (9.0.4.0076)" id="{db86e637-863c-e711-80e0-00155d871bb4}" />
        <Dependent key="36" type="60" displayName="Quotes Dashboard" parentDisplayName="Quote" id="{db86e637-863c-e711-80e0-00155d871bb4}" />
      </MissingDependency>
      <MissingDependency>
        <Required key="43" type="60" displayName="Leads Dashboard" parentDisplayName="Lead" solution="msdynce_LeadManagement (9.0.4.0066)" id="{9a14ebb4-143e-e711-80e1-00155d871bb4}" />
        <Dependent key="43" type="60" displayName="Leads Dashboard" parentDisplayName="Lead" id="{9a14ebb4-143e-e711-80e1-00155d871bb4}" />
      </MissingDependency>
      <MissingDependency>
        <Required key="24" type="60" displayName="Contact" parentDisplayName="Contact" solution="msdynce_AppCommon (9.0.4.0066)" id="{1fed44d1-ae68-4a41-bd2b-f13acac4acfa}" />
        <Dependent key="24" type="60" displayName="Contact" parentDisplayName="Contact" id="{1fed44d1-ae68-4a41-bd2b-f13acac4acfa}" />
      </MissingDependency>
      <MissingDependency>
        <Required key="146" type="66" schemaName="MscrmControls.TalkingPointsControl.TalkingPoints" displayName="MscrmControls.TalkingPointsControl.TalkingPoints" solution="Icebreakers (9.0.1.7097)" />
        <Dependent key="24" type="60" displayName="Contact" parentDisplayName="Contact" id="{1fed44d1-ae68-4a41-bd2b-f13acac4acfa}" />
      </MissingDependency>
      <MissingDependency>
        <Required key="147" type="66" schemaName="MscrmControls.CardFeedContainer.CardFeedContainer" displayName="MscrmControls.CardFeedContainer.CardFeedContainer" solution="CustomControlsCore (9.0.0002.0748)" />
        <Dependent key="24" type="60" displayName="Contact" parentDisplayName="Contact" id="{1fed44d1-ae68-4a41-bd2b-f13acac4acfa}" />
      </MissingDependency>
      <MissingDependency>
        <Required key="146" type="66" schemaName="MscrmControls.TalkingPointsControl.TalkingPoints" displayName="MscrmControls.TalkingPointsControl.TalkingPoints" solution="Icebreakers (9.0.1.7097)" />
        <Dependent key="22" type="60" displayName="Common Form" parentDisplayName="Contact" id="{246b9da2-688c-4c13-8a32-371cf7198fcf}" />
      </MissingDependency>
      <MissingDependency>
        <Required key="147" type="66" schemaName="MscrmControls.CardFeedContainer.CardFeedContainer" displayName="MscrmControls.CardFeedContainer.CardFeedContainer" solution="CustomControlsCore (9.0.0002.0748)" />
        <Dependent key="22" type="60" displayName="Common Form" parentDisplayName="Contact" id="{246b9da2-688c-4c13-8a32-371cf7198fcf}" />
      </MissingDependency>
      <MissingDependency>
        <Required key="147" type="66" schemaName="MscrmControls.CardFeedContainer.CardFeedContainer" displayName="MscrmControls.CardFeedContainer.CardFeedContainer" solution="CustomControlsCore (9.0.0002.0748)" />
        <Dependent key="16" type="60" displayName="Account" parentDisplayName="Account" id="{8448b78f-8f42-454e-8e2a-f8196b0419af}" />
      </MissingDependency>
      <MissingDependency>
        <Required key="147" type="66" schemaName="MscrmControls.CardFeedContainer.CardFeedContainer" displayName="MscrmControls.CardFeedContainer.CardFeedContainer" solution="CustomControlsCore (9.0.0002.0748)" />
        <Dependent key="14" type="60" displayName="Sales Insights" parentDisplayName="Lead" id="{e1ec2c0c-1744-42fa-a346-fb8237357d0f}" />
      </MissingDependency>
      <MissingDependency>
        <Required key="148" type="61" schemaName="msdyn_/RecordWall.htm" displayName="msdyn_/RecordWall.htm" solution="ActivityFeedsCore (9.0.0.0)" />
        <Dependent key="55" type="60" displayName="Information" parentDisplayName="Lead" id="{9886ead0-4fcc-4747-9a18-08e7a9a6de71}" />
      </MissingDependency>
      <MissingDependency>
        <Required key="149" type="61" schemaName="LeadManagement/Lead/Lead_main_system_library.js" displayName="LeadManagement/Lead/Lead_main_system_library.js" solution="msdynce_LeadManagement (9.0.4.0066)" />
        <Dependent key="55" type="60" displayName="Information" parentDisplayName="Lead" id="{9886ead0-4fcc-4747-9a18-08e7a9a6de71}" />
      </MissingDependency>
      <MissingDependency>
        <Required key="150" type="61" schemaName="MarketingSales/Lead/Lead_main_system_library.js" displayName="MarketingSales/Lead/Lead_main_system_library.js" solution="msdynce_MarketingSales (9.0.4.29)" />
        <Dependent key="55" type="60" displayName="Information" parentDisplayName="Lead" id="{9886ead0-4fcc-4747-9a18-08e7a9a6de71}" />
      </MissingDependency>
      <MissingDependency>
        <Required key="151" type="61" schemaName="msdyn_/ActivityFeeds.Form.js" displayName="msdyn_/ActivityFeeds.Form.js" solution="ActivityFeedsCore (9.0.0.0)" />
        <Dependent key="55" type="60" displayName="Information" parentDisplayName="Lead" id="{9886ead0-4fcc-4747-9a18-08e7a9a6de71}" />
      </MissingDependency>
      <MissingDependency>
        <Required key="152" type="61" schemaName="msdyn_/Utils/FieldServiceTrial.js" displayName="msdyn_/Utils/FieldServiceTrial.js" solution="FieldService (7.4.0.80)" />
        <Dependent key="16" type="60" displayName="Account" parentDisplayName="Account" id="{8448b78f-8f42-454e-8e2a-f8196b0419af}" />
      </MissingDependency>
      <MissingDependency>
        <Required key="153" type="61" schemaName="msdyn_/Utils/head1.0.3.js" displayName="msdyn_/Utils/head1.0.3.js" solution="FieldService (7.4.0.80)" />
        <Dependent key="16" type="60" displayName="Account" parentDisplayName="Account" id="{8448b78f-8f42-454e-8e2a-f8196b0419af}" />
      </MissingDependency>
      <MissingDependency>
        <Required key="154" type="61" schemaName="msdyn_/Account/Account.Library.js" displayName="msdyn_/Account/Account.Library.js" solution="FieldService (7.4.0.80)" />
        <Dependent key="16" type="60" displayName="Account" parentDisplayName="Account" id="{8448b78f-8f42-454e-8e2a-f8196b0419af}" />
      </MissingDependency>
      <MissingDependency>
        <Required key="155" type="61" schemaName="msdyn_talkingpointsloader.js" displayName="msdyn_talkingpointsloader.js" solution="Icebreakers (9.0.1.7097)" />
        <Dependent key="156" type="60" displayName="staff" parentDisplayName="Contact" id="{66a8a76b-4173-4e35-a81a-50d7622df9bb}" />
      </MissingDependency>
      <MissingDependency>
        <Required key="157" type="61" schemaName="AppCommon/Contact/Contact_main_system_library.js" displayName="AppCommon/Contact/Contact_main_system_library.js" solution="msdynce_AppCommon (9.0.4.0066)" />
        <Dependent key="24" type="60" displayName="Contact" parentDisplayName="Contact" id="{1fed44d1-ae68-4a41-bd2b-f13acac4acfa}" />
      </MissingDependency>
      <MissingDependency>
        <Required key="158" type="61" schemaName="msdyn_/Contact/Contact.Library.js" displayName="msdyn_/Contact/Contact.Library.js" solution="FieldService (7.4.0.80)" />
        <Dependent key="156" type="60" displayName="staff" parentDisplayName="Contact" id="{66a8a76b-4173-4e35-a81a-50d7622df9bb}" />
      </MissingDependency>
      <MissingDependency>
        <Required key="155" type="61" schemaName="msdyn_talkingpointsloader.js" displayName="msdyn_talkingpointsloader.js" solution="Icebreakers (9.0.1.7097)" />
        <Dependent key="24" type="60" displayName="Contact" parentDisplayName="Contact" id="{1fed44d1-ae68-4a41-bd2b-f13acac4acfa}" />
      </MissingDependency>
      <MissingDependency>
        <Required key="159" type="61" schemaName="msdyn_/Libraries/require/require.js" displayName="msdyn_/Libraries/require/require.js" solution="ProjectService (2.4.0.51)" />
        <Dependent key="16" type="60" displayName="Account" parentDisplayName="Account" id="{8448b78f-8f42-454e-8e2a-f8196b0419af}" />
      </MissingDependency>
      <MissingDependency>
        <Required key="155" type="61" schemaName="msdyn_talkingpointsloader.js" displayName="msdyn_talkingpointsloader.js" solution="Icebreakers (9.0.1.7097)" />
        <Dependent key="22" type="60" displayName="Common Form" parentDisplayName="Contact" id="{246b9da2-688c-4c13-8a32-371cf7198fcf}" />
      </MissingDependency>
      <MissingDependency>
        <Required key="158" type="61" schemaName="msdyn_/Contact/Contact.Library.js" displayName="msdyn_/Contact/Contact.Library.js" solution="FieldService (7.4.0.80)" />
        <Dependent key="22" type="60" displayName="Common Form" parentDisplayName="Contact" id="{246b9da2-688c-4c13-8a32-371cf7198fcf}" />
      </MissingDependency>
      <MissingDependency>
        <Required key="157" type="61" schemaName="AppCommon/Contact/Contact_main_system_library.js" displayName="AppCommon/Contact/Contact_main_system_library.js" solution="msdynce_AppCommon (9.0.4.0066)" />
        <Dependent key="22" type="60" displayName="Common Form" parentDisplayName="Contact" id="{246b9da2-688c-4c13-8a32-371cf7198fcf}" />
      </MissingDependency>
      <MissingDependency>
        <Required key="153" type="61" schemaName="msdyn_/Utils/head1.0.3.js" displayName="msdyn_/Utils/head1.0.3.js" solution="FieldService (7.4.0.80)" />
        <Dependent key="22" type="60" displayName="Common Form" parentDisplayName="Contact" id="{246b9da2-688c-4c13-8a32-371cf7198fcf}" />
      </MissingDependency>
      <MissingDependency>
        <Required key="158" type="61" schemaName="msdyn_/Contact/Contact.Library.js" displayName="msdyn_/Contact/Contact.Library.js" solution="FieldService (7.4.0.80)" />
        <Dependent key="24" type="60" displayName="Contact" parentDisplayName="Contact" id="{1fed44d1-ae68-4a41-bd2b-f13acac4acfa}" />
      </MissingDependency>
      <MissingDependency>
        <Required key="153" type="61" schemaName="msdyn_/Utils/head1.0.3.js" displayName="msdyn_/Utils/head1.0.3.js" solution="FieldService (7.4.0.80)" />
        <Dependent key="24" type="60" displayName="Contact" parentDisplayName="Contact" id="{1fed44d1-ae68-4a41-bd2b-f13acac4acfa}" />
      </MissingDependency>
      <MissingDependency>
        <Required key="153" type="61" schemaName="msdyn_/Utils/head1.0.3.js" displayName="msdyn_/Utils/head1.0.3.js" solution="FieldService (7.4.0.80)" />
        <Dependent key="156" type="60" displayName="staff" parentDisplayName="Contact" id="{66a8a76b-4173-4e35-a81a-50d7622df9bb}" />
      </MissingDependency>
      <MissingDependency>
        <Required key="155" type="61" schemaName="msdyn_talkingpointsloader.js" displayName="msdyn_talkingpointsloader.js" solution="Icebreakers (9.0.1.7097)" />
        <Dependent key="160" type="60" displayName="Student" parentDisplayName="Contact" id="{a136c853-af59-4430-a43f-76c0bdeed81a}" />
      </MissingDependency>
      <MissingDependency>
        <Required key="161" type="61" schemaName="new_Account.js1" displayName="new_Account.js1" solution="Active" />
        <Dependent key="24" type="60" displayName="Contact" parentDisplayName="Contact" id="{1fed44d1-ae68-4a41-bd2b-f13acac4acfa}" />
      </MissingDependency>
      <MissingDependency>
        <Required key="153" type="61" schemaName="msdyn_/Utils/head1.0.3.js" displayName="msdyn_/Utils/head1.0.3.js" solution="FieldService (7.4.0.80)" />
        <Dependent key="160" type="60" displayName="Student" parentDisplayName="Contact" id="{a136c853-af59-4430-a43f-76c0bdeed81a}" />
      </MissingDependency>
      <MissingDependency>
        <Required key="157" type="61" schemaName="AppCommon/Contact/Contact_main_system_library.js" displayName="AppCommon/Contact/Contact_main_system_library.js" solution="msdynce_AppCommon (9.0.4.0066)" />
        <Dependent key="160" type="60" displayName="Student" parentDisplayName="Contact" id="{a136c853-af59-4430-a43f-76c0bdeed81a}" />
      </MissingDependency>
      <MissingDependency>
        <Required key="158" type="61" schemaName="msdyn_/Contact/Contact.Library.js" displayName="msdyn_/Contact/Contact.Library.js" solution="FieldService (7.4.0.80)" />
        <Dependent key="160" type="60" displayName="Student" parentDisplayName="Contact" id="{a136c853-af59-4430-a43f-76c0bdeed81a}" />
      </MissingDependency>
    </MissingDependencies>
  </SolutionManifest>
</ImportExportXml>