<ImportExportXml version="9.0.2.748" SolutionPackageVersion="9.0" languagecode="1033" generatedBy="CrmLive" xmlns:xsi="http://www.w3.org/2001/XMLSchema-instance">
  <SolutionManifest>
    <UniqueName>newsolution</UniqueName>
    <LocalizedNames>
      <LocalizedName description="newsolution" languagecode="1033" />
    </LocalizedNames>
    <Descriptions />
    <Version>1.0.0.1</Version>
    <Managed>0</Managed>
    <Publisher>
      <UniqueName>cggggg</UniqueName>
      <LocalizedNames>
        <LocalizedName description="cggggg" languagecode="1033" />
      </LocalizedNames>
      <Descriptions />
      <EMailAddress xsi:nil="true"></EMailAddress>
      <SupportingWebsiteUrl xsi:nil="true"></SupportingWebsiteUrl>
      <CustomizationPrefix>new</CustomizationPrefix>
      <CustomizationOptionValuePrefix>10000</CustomizationOptionValuePrefix>
      <Addresses>
        <Address>
          <AddressNumber>1</AddressNumber>
          <AddressTypeCode>1</AddressTypeCode>
          <City xsi:nil="true"></City>
          <County xsi:nil="true"></County>
          <Country xsi:nil="true"></Country>
          <Fax xsi:nil="true"></Fax>
          <FreightTermsCode xsi:nil="true"></FreightTermsCode>
          <ImportSequenceNumber xsi:nil="true"></ImportSequenceNumber>
          <Latitude xsi:nil="true"></Latitude>
          <Line1 xsi:nil="true"></Line1>
          <Line2 xsi:nil="true"></Line2>
          <Line3 xsi:nil="true"></Line3>
          <Longitude xsi:nil="true"></Longitude>
          <Name xsi:nil="true"></Name>
          <PostalCode xsi:nil="true"></PostalCode>
          <PostOfficeBox xsi:nil="true"></PostOfficeBox>
          <PrimaryContactName xsi:nil="true"></PrimaryContactName>
          <ShippingMethodCode>1</ShippingMethodCode>
          <StateOrProvince xsi:nil="true"></StateOrProvince>
          <Telephone1 xsi:nil="true"></Telephone1>
          <Telephone2 xsi:nil="true"></Telephone2>
          <Telephone3 xsi:nil="true"></Telephone3>
          <TimeZoneRuleVersionNumber xsi:nil="true"></TimeZoneRuleVersionNumber>
          <UPSZone xsi:nil="true"></UPSZone>
          <UTCOffset xsi:nil="true"></UTCOffset>
          <UTCConversionTimeZoneCode xsi:nil="true"></UTCConversionTimeZoneCode>
        </Address>
        <Address>
          <AddressNumber>2</AddressNumber>
          <AddressTypeCode>1</AddressTypeCode>
          <City xsi:nil="true"></City>
          <County xsi:nil="true"></County>
          <Country xsi:nil="true"></Country>
          <Fax xsi:nil="true"></Fax>
          <FreightTermsCode xsi:nil="true"></FreightTermsCode>
          <ImportSequenceNumber xsi:nil="true"></ImportSequenceNumber>
          <Latitude xsi:nil="true"></Latitude>
          <Line1 xsi:nil="true"></Line1>
          <Line2 xsi:nil="true"></Line2>
          <Line3 xsi:nil="true"></Line3>
          <Longitude xsi:nil="true"></Longitude>
          <Name xsi:nil="true"></Name>
          <PostalCode xsi:nil="true"></PostalCode>
          <PostOfficeBox xsi:nil="true"></PostOfficeBox>
          <PrimaryContactName xsi:nil="true"></PrimaryContactName>
          <ShippingMethodCode>1</ShippingMethodCode>
          <StateOrProvince xsi:nil="true"></StateOrProvince>
          <Telephone1 xsi:nil="true"></Telephone1>
          <Telephone2 xsi:nil="true"></Telephone2>
          <Telephone3 xsi:nil="true"></Telephone3>
          <TimeZoneRuleVersionNumber xsi:nil="true"></TimeZoneRuleVersionNumber>
          <UPSZone xsi:nil="true"></UPSZone>
          <UTCOffset xsi:nil="true"></UTCOffset>
          <UTCConversionTimeZoneCode xsi:nil="true"></UTCConversionTimeZoneCode>
        </Address>
      </Addresses>
    </Publisher>
    <RootComponents>
      <RootComponent type="1" schemaName="account" behavior="1" />
      <RootComponent type="1" schemaName="contact" behavior="2" />
      <RootComponent type="9" schemaName="ccg_type" behavior="0" />
      <RootComponent type="9" schemaName="new_credithold" behavior="0" />
      <RootComponent type="29" id="{4114d1e6-f606-46bb-ba63-5733bdb71e6b}" behavior="0" />
      <RootComponent type="29" id="{51606523-debd-4120-a7de-b6a234b4a0c8}" behavior="0" />
      <RootComponent type="29" id="{bc3b5420-bf3d-49ad-82c4-2d31328b8a3c}" behavior="0" />
      <RootComponent type="29" id="{c52c8863-671a-4305-9f13-b9f689227664}" behavior="0" />
      <RootComponent type="29" id="{cc8d75f5-303e-4c27-9ca0-0eb3208cf970}" behavior="0" />
      <RootComponent type="60" id="{41321fa7-c6c0-48f8-9926-719f31b21d5b}" behavior="0" />
      <RootComponent type="60" id="{43b53de9-c38f-4aa7-befb-d0f1c53b01c4}" behavior="0" />
      <RootComponent type="60" id="{8448b78f-8f42-454e-8e2a-f8196b0419af}" />
      <RootComponent type="60" id="{9dfe3d44-2e94-4757-ba6a-3d96fc35952d}" behavior="0" />
      <RootComponent type="60" id="{c35dd3ec-459c-467b-9d28-9d220dc524d4}" behavior="0" />
      <RootComponent type="61" schemaName="new_Account.js1" behavior="0" />
      <RootComponent type="61" schemaName="new_SampleHtmlResources" behavior="0" />
    </RootComponents>
    <MissingDependencies>
      <MissingDependency>
        <Required key="0" type="1" schemaName="msdyn_accountpricelist" displayName="Account Project Price List" solution="ProjectService (2.4.0.51)" />
        <Dependent key="1" type="60" displayName="Account" parentDisplayName="Account" id="{8448b78f-8f42-454e-8e2a-f8196b0419af}" />
      </MissingDependency>
      <MissingDependency>
        <Required key="2" type="1" schemaName="cg123_accountoffer" displayName="AccountOffer" solution="Active" />
        <Dependent key="1" type="60" displayName="Account" parentDisplayName="Account" id="{8448b78f-8f42-454e-8e2a-f8196b0419af}" />
      </MissingDependency>
      <MissingDependency>
        <Required key="3" type="1" schemaName="incident" displayName="Case" solution="msdynce_Service (9.0.5.56)" />
        <Dependent key="4" type="60" displayName="New Form" parentDisplayName="Contact" id="{9dfe3d44-2e94-4757-ba6a-3d96fc35952d}" />
      </MissingDependency>
      <MissingDependency>
        <Required key="5" type="1" schemaName="entitlement" displayName="Entitlement" solution="msdynce_Service (9.0.5.56)" />
        <Dependent key="4" type="60" displayName="New Form" parentDisplayName="Contact" id="{9dfe3d44-2e94-4757-ba6a-3d96fc35952d}" />
      </MissingDependency>
      <MissingDependency>
        <Required key="6" type="1" schemaName="opportunity" displayName="Opportunity" solution="msdynce_Sales (9.0.4.0076)" />
        <Dependent key="4" type="60" displayName="New Form" parentDisplayName="Contact" id="{9dfe3d44-2e94-4757-ba6a-3d96fc35952d}" />
      </MissingDependency>
      <MissingDependency>
        <Required key="7" type="1" schemaName="ccg_contactsubject" displayName="Contact Subject" solution="Active" />
        <Dependent key="4" type="60" displayName="New Form" parentDisplayName="Contact" id="{9dfe3d44-2e94-4757-ba6a-3d96fc35952d}" />
      </MissingDependency>
      <MissingDependency>
        <Required key="7" type="1" schemaName="ccg_contactsubject" displayName="Contact Subject" solution="Active" />
        <Dependent key="8" type="60" displayName="myForm" parentDisplayName="Contact" id="{c35dd3ec-459c-467b-9d28-9d220dc524d4}" />
      </MissingDependency>
      <MissingDependency>
        <Required key="3" type="1" schemaName="incident" displayName="Case" solution="msdynce_Service (9.0.5.56)" />
        <Dependent key="8" type="60" displayName="myForm" parentDisplayName="Contact" id="{c35dd3ec-459c-467b-9d28-9d220dc524d4}" />
      </MissingDependency>
      <MissingDependency>
        <Required key="6" type="1" schemaName="opportunity" displayName="Opportunity" solution="msdynce_Sales (9.0.4.0076)" />
        <Dependent key="8" type="60" displayName="myForm" parentDisplayName="Contact" id="{c35dd3ec-459c-467b-9d28-9d220dc524d4}" />
      </MissingDependency>
      <MissingDependency>
        <Required key="5" type="1" schemaName="entitlement" displayName="Entitlement" solution="msdynce_Service (9.0.5.56)" />
        <Dependent key="8" type="60" displayName="myForm" parentDisplayName="Contact" id="{c35dd3ec-459c-467b-9d28-9d220dc524d4}" />
      </MissingDependency>
      <MissingDependency>
        <Required key="3" type="1" schemaName="incident" displayName="Case" solution="msdynce_Service (9.0.5.56)" />
        <Dependent key="9" type="60" displayName="New Form" parentDisplayName="Contact" id="{41321fa7-c6c0-48f8-9926-719f31b21d5b}" />
      </MissingDependency>
      <MissingDependency>
        <Required key="6" type="1" schemaName="opportunity" displayName="Opportunity" solution="msdynce_Sales (9.0.4.0076)" />
        <Dependent key="9" type="60" displayName="New Form" parentDisplayName="Contact" id="{41321fa7-c6c0-48f8-9926-719f31b21d5b}" />
      </MissingDependency>
      <MissingDependency>
        <Required key="5" type="1" schemaName="entitlement" displayName="Entitlement" solution="msdynce_Service (9.0.5.56)" />
        <Dependent key="9" type="60" displayName="New Form" parentDisplayName="Contact" id="{41321fa7-c6c0-48f8-9926-719f31b21d5b}" />
      </MissingDependency>
      <MissingDependency>
        <Required key="7" type="1" schemaName="ccg_contactsubject" displayName="Contact Subject" solution="Active" />
        <Dependent key="9" type="60" displayName="New Form" parentDisplayName="Contact" id="{41321fa7-c6c0-48f8-9926-719f31b21d5b}" />
      </MissingDependency>
      <MissingDependency>
        <Required key="10" type="2" schemaName="originatingleadid" displayName="Originating Lead" parentSchemaName="contact" parentDisplayName="Contact" solution="msdynce_LeadManagement (9.0.4.0066)" />
        <Dependent key="9" type="60" displayName="New Form" parentDisplayName="Contact" id="{41321fa7-c6c0-48f8-9926-719f31b21d5b}" />
      </MissingDependency>
      <MissingDependency>
        <Required key="11" type="2" schemaName="ccg_description" displayName="Description" parentSchemaName="contact" parentDisplayName="Contact" solution="Active" />
        <Dependent key="9" type="60" displayName="New Form" parentDisplayName="Contact" id="{41321fa7-c6c0-48f8-9926-719f31b21d5b}" />
      </MissingDependency>
      <MissingDependency>
        <Required key="12" type="2" schemaName="ccg_type" displayName="Type" parentSchemaName="contact" parentDisplayName="Contact" solution="Active" />
        <Dependent key="9" type="60" displayName="New Form" parentDisplayName="Contact" id="{41321fa7-c6c0-48f8-9926-719f31b21d5b}" />
      </MissingDependency>
      <MissingDependency>
        <Required key="13" type="2" schemaName="ccg_designations" displayName="Designations" parentSchemaName="contact" parentDisplayName="Contact" solution="Active" />
        <Dependent key="14" type="26" schemaName="Staff view" displayName="Staff view" parentSchemaName="contact" parentDisplayName="Contact" id="{39669a4d-2f75-e811-a958-000d3af04f8c}" />
      </MissingDependency>
      <MissingDependency>
        <Required key="12" type="2" schemaName="ccg_type" displayName="Type" parentSchemaName="contact" parentDisplayName="Contact" solution="Active" />
        <Dependent key="14" type="26" schemaName="Staff view" displayName="Staff view" parentSchemaName="contact" parentDisplayName="Contact" id="{39669a4d-2f75-e811-a958-000d3af04f8c}" />
      </MissingDependency>
      <MissingDependency>
        <Required key="11" type="2" schemaName="ccg_description" displayName="Description" parentSchemaName="contact" parentDisplayName="Contact" solution="Active" />
        <Dependent key="8" type="60" displayName="myForm" parentDisplayName="Contact" id="{c35dd3ec-459c-467b-9d28-9d220dc524d4}" />
      </MissingDependency>
      <MissingDependency>
        <Required key="12" type="2" schemaName="ccg_type" displayName="Type" parentSchemaName="contact" parentDisplayName="Contact" solution="Active" />
        <Dependent key="8" type="60" displayName="myForm" parentDisplayName="Contact" id="{c35dd3ec-459c-467b-9d28-9d220dc524d4}" />
      </MissingDependency>
      <MissingDependency>
        <Required key="10" type="2" schemaName="originatingleadid" displayName="Originating Lead" parentSchemaName="contact" parentDisplayName="Contact" solution="msdynce_LeadManagement (9.0.4.0066)" />
        <Dependent key="8" type="60" displayName="myForm" parentDisplayName="Contact" id="{c35dd3ec-459c-467b-9d28-9d220dc524d4}" />
      </MissingDependency>
      <MissingDependency>
        <Required key="15" type="2" schemaName="ccg_studentid" displayName="StudentId" parentSchemaName="contact" parentDisplayName="Contact" solution="Active" />
        <Dependent key="16" type="26" schemaName="Student view" displayName="Student view" parentSchemaName="contact" parentDisplayName="Contact" id="{b836306f-2f75-e811-a958-000d3af04f8c}" />
      </MissingDependency>
      <MissingDependency>
        <Required key="12" type="2" schemaName="ccg_type" displayName="Type" parentSchemaName="contact" parentDisplayName="Contact" solution="Active" />
        <Dependent key="16" type="26" schemaName="Student view" displayName="Student view" parentSchemaName="contact" parentDisplayName="Contact" id="{b836306f-2f75-e811-a958-000d3af04f8c}" />
      </MissingDependency>
      <MissingDependency>
        <Required key="17" type="2" schemaName="ccg_subject" displayName="Subject" parentSchemaName="contact" parentDisplayName="Contact" solution="Active" />
        <Dependent key="16" type="26" schemaName="Student view" displayName="Student view" parentSchemaName="contact" parentDisplayName="Contact" id="{b836306f-2f75-e811-a958-000d3af04f8c}" />
      </MissingDependency>
      <MissingDependency>
        <Required key="12" type="2" schemaName="ccg_type" displayName="Type" parentSchemaName="contact" parentDisplayName="Contact" solution="Active" />
        <Dependent key="4" type="60" displayName="New Form" parentDisplayName="Contact" id="{9dfe3d44-2e94-4757-ba6a-3d96fc35952d}" />
      </MissingDependency>
      <MissingDependency>
        <Required key="10" type="2" schemaName="originatingleadid" displayName="Originating Lead" parentSchemaName="contact" parentDisplayName="Contact" solution="msdynce_LeadManagement (9.0.4.0066)" />
        <Dependent key="4" type="60" displayName="New Form" parentDisplayName="Contact" id="{9dfe3d44-2e94-4757-ba6a-3d96fc35952d}" />
      </MissingDependency>
      <MissingDependency>
        <Required key="11" type="2" schemaName="ccg_description" displayName="Description" parentSchemaName="contact" parentDisplayName="Contact" solution="Active" />
        <Dependent key="4" type="60" displayName="New Form" parentDisplayName="Contact" id="{9dfe3d44-2e94-4757-ba6a-3d96fc35952d}" />
      </MissingDependency>
      <MissingDependency>
        <Required key="18" type="2" schemaName="defaultpricelevelid" displayName="Product Price List" parentSchemaName="account" parentDisplayName="Account" solution="msdynce_ProductManagement (9.0.4.0066)" />
        <Dependent key="18" type="2" schemaName="defaultpricelevelid" displayName="Product Price List" parentSchemaName="account" parentDisplayName="Account" />
      </MissingDependency>
      <MissingDependency>
        <Required key="19" type="2" schemaName="openrevenue" displayName="Open Revenue" parentSchemaName="account" parentDisplayName="Account" solution="msdynce_Sales (9.0.4.0076)" />
        <Dependent key="19" type="2" schemaName="openrevenue" displayName="Open Revenue" parentSchemaName="account" parentDisplayName="Account" />
      </MissingDependency>
      <MissingDependency>
        <Required key="20" type="2" schemaName="msdyn_billingaccount" displayName="Billing Account" parentSchemaName="account" parentDisplayName="Account" solution="FieldService (7.4.0.80)" />
        <Dependent key="20" type="2" schemaName="msdyn_billingaccount" displayName="Billing Account" parentSchemaName="account" parentDisplayName="Account" />
      </MissingDependency>
      <MissingDependency>
        <Required key="21" type="2" schemaName="msdyn_taxexemptnumber" displayName="Tax Exempt Number" parentSchemaName="account" parentDisplayName="Account" solution="FieldService (7.4.0.80)" />
        <Dependent key="21" type="2" schemaName="msdyn_taxexemptnumber" displayName="Tax Exempt Number" parentSchemaName="account" parentDisplayName="Account" />
      </MissingDependency>
      <MissingDependency>
        <Required key="22" type="2" schemaName="msdyn_preferredresource" displayName="Preferred Resource (Deprecated)" parentSchemaName="account" parentDisplayName="Account" solution="FieldService (7.4.0.80)" />
        <Dependent key="22" type="2" schemaName="msdyn_preferredresource" displayName="Preferred Resource (Deprecated)" parentSchemaName="account" parentDisplayName="Account" />
      </MissingDependency>
      <MissingDependency>
        <Required key="23" type="2" schemaName="originatingleadid" displayName="Originating Lead" parentSchemaName="account" parentDisplayName="Account" solution="msdynce_LeadManagement (9.0.4.0066)" />
        <Dependent key="23" type="2" schemaName="originatingleadid" displayName="Originating Lead" parentSchemaName="account" parentDisplayName="Account" />
      </MissingDependency>
      <MissingDependency>
        <Required key="24" type="2" schemaName="msdyn_travelchargetype" displayName="Travel Charge Type" parentSchemaName="account" parentDisplayName="Account" solution="FieldService (7.4.0.80)" />
        <Dependent key="24" type="2" schemaName="msdyn_travelchargetype" displayName="Travel Charge Type" parentSchemaName="account" parentDisplayName="Account" />
      </MissingDependency>
      <MissingDependency>
        <Required key="25" type="2" schemaName="preferredequipmentid" displayName="Preferred Facility/Equipment" parentSchemaName="account" parentDisplayName="Account" solution="msdynce_Service (9.0.5.56)" />
        <Dependent key="25" type="2" schemaName="preferredequipmentid" displayName="Preferred Facility/Equipment" parentSchemaName="account" parentDisplayName="Account" />
      </MissingDependency>
      <MissingDependency>
        <Required key="26" type="2" schemaName="msdyn_taxexempt" displayName="Tax Exempt" parentSchemaName="account" parentDisplayName="Account" solution="FieldService (7.4.0.80)" />
        <Dependent key="26" type="2" schemaName="msdyn_taxexempt" displayName="Tax Exempt" parentSchemaName="account" parentDisplayName="Account" />
      </MissingDependency>
      <MissingDependency>
        <Required key="27" type="2" schemaName="msdyn_workorderinstructions" displayName="Work Order Instructions" parentSchemaName="account" parentDisplayName="Account" solution="FieldService (7.4.0.80)" />
        <Dependent key="27" type="2" schemaName="msdyn_workorderinstructions" displayName="Work Order Instructions" parentSchemaName="account" parentDisplayName="Account" />
      </MissingDependency>
      <MissingDependency>
        <Required key="28" type="2" schemaName="msdyn_salestaxcode" displayName="Sales Tax Code" parentSchemaName="account" parentDisplayName="Account" solution="FieldService (7.4.0.80)" />
        <Dependent key="28" type="2" schemaName="msdyn_salestaxcode" displayName="Sales Tax Code" parentSchemaName="account" parentDisplayName="Account" />
      </MissingDependency>
      <MissingDependency>
        <Required key="29" type="2" schemaName="preferredserviceid" displayName="Preferred Service" parentSchemaName="account" parentDisplayName="Account" solution="msdynce_Service (9.0.5.56)" />
        <Dependent key="29" type="2" schemaName="preferredserviceid" displayName="Preferred Service" parentSchemaName="account" parentDisplayName="Account" />
      </MissingDependency>
      <MissingDependency>
        <Required key="30" type="2" schemaName="opendeals" displayName="Open Deals" parentSchemaName="account" parentDisplayName="Account" solution="msdynce_Sales (9.0.4.0076)" />
        <Dependent key="30" type="2" schemaName="opendeals" displayName="Open Deals" parentSchemaName="account" parentDisplayName="Account" />
      </MissingDependency>
      <MissingDependency>
        <Required key="31" type="2" schemaName="msdyn_travelcharge_base" displayName="Travel Charge (Base)" parentSchemaName="account" parentDisplayName="Account" solution="FieldService (7.4.0.80)" />
        <Dependent key="31" type="2" schemaName="msdyn_travelcharge_base" displayName="Travel Charge (Base)" parentSchemaName="account" parentDisplayName="Account" />
      </MissingDependency>
      <MissingDependency>
        <Required key="32" type="2" schemaName="msdyn_serviceterritory" displayName="Service Territory" parentSchemaName="account" parentDisplayName="Account" solution="FieldService (7.4.0.80)" />
        <Dependent key="32" type="2" schemaName="msdyn_serviceterritory" displayName="Service Territory" parentSchemaName="account" parentDisplayName="Account" />
      </MissingDependency>
      <MissingDependency>
        <Required key="33" type="2" schemaName="msdyn_externalaccountid" displayName="External ID" parentSchemaName="account" parentDisplayName="Account" solution="ProjectService (2.4.0.51)" />
        <Dependent key="33" type="2" schemaName="msdyn_externalaccountid" displayName="External ID" parentSchemaName="account" parentDisplayName="Account" />
      </MissingDependency>
      <MissingDependency>
        <Required key="34" type="2" schemaName="openrevenue_base" displayName="Open Revenue (Base)" parentSchemaName="account" parentDisplayName="Account" solution="msdynce_Sales (9.0.4.0076)" />
        <Dependent key="34" type="2" schemaName="openrevenue_base" displayName="Open Revenue (Base)" parentSchemaName="account" parentDisplayName="Account" />
      </MissingDependency>
      <MissingDependency>
        <Required key="35" type="2" schemaName="territoryid" displayName="Territory" parentSchemaName="account" parentDisplayName="Account" solution="msdynce_Sales (9.0.4.0076)" />
        <Dependent key="35" type="2" schemaName="territoryid" displayName="Territory" parentSchemaName="account" parentDisplayName="Account" />
      </MissingDependency>
      <MissingDependency>
        <Required key="36" type="2" schemaName="msdyn_travelcharge" displayName="Travel Charge" parentSchemaName="account" parentDisplayName="Account" solution="FieldService (7.4.0.80)" />
        <Dependent key="36" type="2" schemaName="msdyn_travelcharge" displayName="Travel Charge" parentSchemaName="account" parentDisplayName="Account" />
      </MissingDependency>
      <MissingDependency>
        <Required key="27" type="2" schemaName="msdyn_workorderinstructions" displayName="Work Order Instructions" parentSchemaName="account" parentDisplayName="Account" solution="FieldService (7.4.0.80)" />
        <Dependent key="1" type="60" displayName="Account" parentDisplayName="Account" id="{8448b78f-8f42-454e-8e2a-f8196b0419af}" />
      </MissingDependency>
      <MissingDependency>
        <Required key="32" type="2" schemaName="msdyn_serviceterritory" displayName="Service Territory" parentSchemaName="account" parentDisplayName="Account" solution="FieldService (7.4.0.80)" />
        <Dependent key="1" type="60" displayName="Account" parentDisplayName="Account" id="{8448b78f-8f42-454e-8e2a-f8196b0419af}" />
      </MissingDependency>
      <MissingDependency>
        <Required key="20" type="2" schemaName="msdyn_billingaccount" displayName="Billing Account" parentSchemaName="account" parentDisplayName="Account" solution="FieldService (7.4.0.80)" />
        <Dependent key="1" type="60" displayName="Account" parentDisplayName="Account" id="{8448b78f-8f42-454e-8e2a-f8196b0419af}" />
      </MissingDependency>
      <MissingDependency>
        <Required key="28" type="2" schemaName="msdyn_salestaxcode" displayName="Sales Tax Code" parentSchemaName="account" parentDisplayName="Account" solution="FieldService (7.4.0.80)" />
        <Dependent key="1" type="60" displayName="Account" parentDisplayName="Account" id="{8448b78f-8f42-454e-8e2a-f8196b0419af}" />
      </MissingDependency>
      <MissingDependency>
        <Required key="26" type="2" schemaName="msdyn_taxexempt" displayName="Tax Exempt" parentSchemaName="account" parentDisplayName="Account" solution="FieldService (7.4.0.80)" />
        <Dependent key="1" type="60" displayName="Account" parentDisplayName="Account" id="{8448b78f-8f42-454e-8e2a-f8196b0419af}" />
      </MissingDependency>
      <MissingDependency>
        <Required key="18" type="2" schemaName="defaultpricelevelid" displayName="Product Price List" parentSchemaName="account" parentDisplayName="Account" solution="msdynce_ProductManagement (9.0.4.0066)" />
        <Dependent key="1" type="60" displayName="Account" parentDisplayName="Account" id="{8448b78f-8f42-454e-8e2a-f8196b0419af}" />
      </MissingDependency>
      <MissingDependency>
        <Required key="21" type="2" schemaName="msdyn_taxexemptnumber" displayName="Tax Exempt Number" parentSchemaName="account" parentDisplayName="Account" solution="FieldService (7.4.0.80)" />
        <Dependent key="1" type="60" displayName="Account" parentDisplayName="Account" id="{8448b78f-8f42-454e-8e2a-f8196b0419af}" />
      </MissingDependency>
      <MissingDependency>
        <Required key="24" type="2" schemaName="msdyn_travelchargetype" displayName="Travel Charge Type" parentSchemaName="account" parentDisplayName="Account" solution="FieldService (7.4.0.80)" />
        <Dependent key="1" type="60" displayName="Account" parentDisplayName="Account" id="{8448b78f-8f42-454e-8e2a-f8196b0419af}" />
      </MissingDependency>
      <MissingDependency>
        <Required key="36" type="2" schemaName="msdyn_travelcharge" displayName="Travel Charge" parentSchemaName="account" parentDisplayName="Account" solution="FieldService (7.4.0.80)" />
        <Dependent key="1" type="60" displayName="Account" parentDisplayName="Account" id="{8448b78f-8f42-454e-8e2a-f8196b0419af}" />
      </MissingDependency>
      <MissingDependency>
        <Required key="37" type="2" schemaName="cap_description" displayName="description" parentSchemaName="account" parentDisplayName="Account" solution="Active" />
        <Dependent key="1" type="60" displayName="Account" parentDisplayName="Account" id="{8448b78f-8f42-454e-8e2a-f8196b0419af}" />
      </MissingDependency>
      <MissingDependency>
        <Required key="38" type="10" schemaName="msdyn_account_msdyn_rma_ServiceAccount" displayName="msdyn_account_msdyn_rma_ServiceAccount" parentSchemaName="account" parentDisplayName="Account" solution="FieldService (7.4.0.80)" />
        <Dependent key="1" type="60" displayName="Account" parentDisplayName="Account" id="{8448b78f-8f42-454e-8e2a-f8196b0419af}" />
      </MissingDependency>
      <MissingDependency>
        <Required key="39" type="10" schemaName="msdyn_account_account_BillingAccount" displayName="msdyn_account_account_BillingAccount" parentSchemaName="account" parentDisplayName="Account" solution="FieldService (7.4.0.80)" />
        <Dependent key="1" type="60" displayName="Account" parentDisplayName="Account" id="{8448b78f-8f42-454e-8e2a-f8196b0419af}" />
      </MissingDependency>
      <MissingDependency>
        <Required key="40" type="10" schemaName="msdyn_account_msdyn_workorder_BillingAccount" displayName="msdyn_account_msdyn_workorder_BillingAccount" parentSchemaName="account" parentDisplayName="Account" solution="FieldService (7.4.0.80)" />
        <Dependent key="1" type="60" displayName="Account" parentDisplayName="Account" id="{8448b78f-8f42-454e-8e2a-f8196b0419af}" />
      </MissingDependency>
      <MissingDependency>
        <Required key="41" type="10" schemaName="msdyn_account_msdyn_rtv_Vendor" displayName="msdyn_account_msdyn_rtv_Vendor" parentSchemaName="account" parentDisplayName="Account" solution="FieldService (7.4.0.80)" />
        <Dependent key="1" type="60" displayName="Account" parentDisplayName="Account" id="{8448b78f-8f42-454e-8e2a-f8196b0419af}" />
      </MissingDependency>
      <MissingDependency>
        <Required key="42" type="10" schemaName="msdyn_account_msdyn_customerasset_Account" displayName="msdyn_account_msdyn_customerasset_Account" parentSchemaName="account" parentDisplayName="Account" solution="FieldService (7.4.0.80)" />
        <Dependent key="1" type="60" displayName="Account" parentDisplayName="Account" id="{8448b78f-8f42-454e-8e2a-f8196b0419af}" />
      </MissingDependency>
      <MissingDependency>
        <Required key="43" type="10" schemaName="msdyn_account_msdyn_agreement_ServiceAccount" displayName="msdyn_account_msdyn_agreement_ServiceAccount" parentSchemaName="account" parentDisplayName="Account" solution="FieldService (7.4.0.80)" />
        <Dependent key="1" type="60" displayName="Account" parentDisplayName="Account" id="{8448b78f-8f42-454e-8e2a-f8196b0419af}" />
      </MissingDependency>
      <MissingDependency>
        <Required key="44" type="10" schemaName="msdyn_account_msdyn_agreement_BillingAccount" displayName="msdyn_account_msdyn_agreement_BillingAccount" parentSchemaName="account" parentDisplayName="Account" solution="FieldService (7.4.0.80)" />
        <Dependent key="1" type="60" displayName="Account" parentDisplayName="Account" id="{8448b78f-8f42-454e-8e2a-f8196b0419af}" />
      </MissingDependency>
      <MissingDependency>
        <Required key="45" type="10" schemaName="msdyn_msdyn_taxcode_account_SalesTaxCode" displayName="msdyn_msdyn_taxcode_account_SalesTaxCode" parentSchemaName="msdyn_taxcode" parentDisplayName="Tax Code" solution="FieldService (7.4.0.80)" />
        <Dependent key="1" type="60" displayName="Account" parentDisplayName="Account" id="{8448b78f-8f42-454e-8e2a-f8196b0419af}" />
      </MissingDependency>
      <MissingDependency>
        <Required key="46" type="10" schemaName="msdyn_account_msdyn_project_Customer" displayName="msdyn_account_msdyn_project_Customer" parentSchemaName="account" parentDisplayName="Account" solution="ProjectService (2.4.0.51)" />
        <Dependent key="1" type="60" displayName="Account" parentDisplayName="Account" id="{8448b78f-8f42-454e-8e2a-f8196b0419af}" />
      </MissingDependency>
      <MissingDependency>
        <Required key="47" type="10" schemaName="msdyn_account_msdyn_rma_BillingAccount" displayName="msdyn_account_msdyn_rma_BillingAccount" parentSchemaName="account" parentDisplayName="Account" solution="FieldService (7.4.0.80)" />
        <Dependent key="1" type="60" displayName="Account" parentDisplayName="Account" id="{8448b78f-8f42-454e-8e2a-f8196b0419af}" />
      </MissingDependency>
      <MissingDependency>
        <Required key="48" type="10" schemaName="msdyn_territory_account_ServiceTerritory" displayName="msdyn_territory_account_ServiceTerritory" parentSchemaName="territory" parentDisplayName="Territory" solution="FieldService (7.4.0.80)" />
        <Dependent key="1" type="60" displayName="Account" parentDisplayName="Account" id="{8448b78f-8f42-454e-8e2a-f8196b0419af}" />
      </MissingDependency>
      <MissingDependency>
        <Required key="49" type="10" schemaName="msdyn_account_msdyn_accountpricelist_Account" displayName="msdyn_account_msdyn_accountpricelist_Account" parentSchemaName="account" parentDisplayName="Account" solution="ProjectService (2.4.0.51)" />
        <Dependent key="1" type="60" displayName="Account" parentDisplayName="Account" id="{8448b78f-8f42-454e-8e2a-f8196b0419af}" />
      </MissingDependency>
      <MissingDependency>
        <Required key="50" type="10" schemaName="msdyn_account_msdyn_payment_Account" displayName="msdyn_account_msdyn_payment_Account" parentSchemaName="account" parentDisplayName="Account" solution="FieldService (7.4.0.80)" />
        <Dependent key="1" type="60" displayName="Account" parentDisplayName="Account" id="{8448b78f-8f42-454e-8e2a-f8196b0419af}" />
      </MissingDependency>
      <MissingDependency>
        <Required key="51" type="10" schemaName="cg123_account_cg123_accountoffer_OFFER" displayName="cg123_account_cg123_accountoffer_OFFER" parentSchemaName="account" parentDisplayName="Account" solution="Active" />
        <Dependent key="1" type="60" displayName="Account" parentDisplayName="Account" id="{8448b78f-8f42-454e-8e2a-f8196b0419af}" />
      </MissingDependency>
      <MissingDependency>
        <Required key="52" type="10" schemaName="msdyn_account_msdyn_purchaseorder_Vendor" displayName="msdyn_account_msdyn_purchaseorder_Vendor" parentSchemaName="account" parentDisplayName="Account" solution="FieldService (7.4.0.80)" />
        <Dependent key="1" type="60" displayName="Account" parentDisplayName="Account" id="{8448b78f-8f42-454e-8e2a-f8196b0419af}" />
      </MissingDependency>
      <MissingDependency>
        <Required key="53" type="10" schemaName="msdyn_account_msdyn_workorder_ServiceAccount" displayName="msdyn_account_msdyn_workorder_ServiceAccount" parentSchemaName="account" parentDisplayName="Account" solution="FieldService (7.4.0.80)" />
        <Dependent key="1" type="60" displayName="Account" parentDisplayName="Account" id="{8448b78f-8f42-454e-8e2a-f8196b0419af}" />
      </MissingDependency>
      <MissingDependency>
        <Required key="54" type="10" schemaName="ccg_contact_ccg_contactsubject_Contact" displayName="ccg_contact_ccg_contactsubject_Contact" parentSchemaName="contact" parentDisplayName="Contact" solution="Active" />
        <Dependent key="4" type="60" displayName="New Form" parentDisplayName="Contact" id="{9dfe3d44-2e94-4757-ba6a-3d96fc35952d}" />
      </MissingDependency>
      <MissingDependency>
        <Required key="54" type="10" schemaName="ccg_contact_ccg_contactsubject_Contact" displayName="ccg_contact_ccg_contactsubject_Contact" parentSchemaName="contact" parentDisplayName="Contact" solution="Active" />
        <Dependent key="8" type="60" displayName="myForm" parentDisplayName="Contact" id="{c35dd3ec-459c-467b-9d28-9d220dc524d4}" />
      </MissingDependency>
      <MissingDependency>
        <Required key="46" type="10" schemaName="msdyn_account_msdyn_project_Customer" displayName="msdyn_account_msdyn_project_Customer" parentSchemaName="account" parentDisplayName="Account" solution="ProjectService (2.4.0.51)" />
        <Dependent key="55" type="60" displayName="ActionWorkFlow" parentDisplayName="Account" id="{43b53de9-c38f-4aa7-befb-d0f1c53b01c4}" />
      </MissingDependency>
      <MissingDependency>
        <Required key="42" type="10" schemaName="msdyn_account_msdyn_customerasset_Account" displayName="msdyn_account_msdyn_customerasset_Account" parentSchemaName="account" parentDisplayName="Account" solution="FieldService (7.4.0.80)" />
        <Dependent key="55" type="60" displayName="ActionWorkFlow" parentDisplayName="Account" id="{43b53de9-c38f-4aa7-befb-d0f1c53b01c4}" />
      </MissingDependency>
      <MissingDependency>
        <Required key="53" type="10" schemaName="msdyn_account_msdyn_workorder_ServiceAccount" displayName="msdyn_account_msdyn_workorder_ServiceAccount" parentSchemaName="account" parentDisplayName="Account" solution="FieldService (7.4.0.80)" />
        <Dependent key="55" type="60" displayName="ActionWorkFlow" parentDisplayName="Account" id="{43b53de9-c38f-4aa7-befb-d0f1c53b01c4}" />
      </MissingDependency>
      <MissingDependency>
        <Required key="50" type="10" schemaName="msdyn_account_msdyn_payment_Account" displayName="msdyn_account_msdyn_payment_Account" parentSchemaName="account" parentDisplayName="Account" solution="FieldService (7.4.0.80)" />
        <Dependent key="55" type="60" displayName="ActionWorkFlow" parentDisplayName="Account" id="{43b53de9-c38f-4aa7-befb-d0f1c53b01c4}" />
      </MissingDependency>
      <MissingDependency>
        <Required key="49" type="10" schemaName="msdyn_account_msdyn_accountpricelist_Account" displayName="msdyn_account_msdyn_accountpricelist_Account" parentSchemaName="account" parentDisplayName="Account" solution="ProjectService (2.4.0.51)" />
        <Dependent key="55" type="60" displayName="ActionWorkFlow" parentDisplayName="Account" id="{43b53de9-c38f-4aa7-befb-d0f1c53b01c4}" />
      </MissingDependency>
      <MissingDependency>
        <Required key="40" type="10" schemaName="msdyn_account_msdyn_workorder_BillingAccount" displayName="msdyn_account_msdyn_workorder_BillingAccount" parentSchemaName="account" parentDisplayName="Account" solution="FieldService (7.4.0.80)" />
        <Dependent key="55" type="60" displayName="ActionWorkFlow" parentDisplayName="Account" id="{43b53de9-c38f-4aa7-befb-d0f1c53b01c4}" />
      </MissingDependency>
      <MissingDependency>
        <Required key="47" type="10" schemaName="msdyn_account_msdyn_rma_BillingAccount" displayName="msdyn_account_msdyn_rma_BillingAccount" parentSchemaName="account" parentDisplayName="Account" solution="FieldService (7.4.0.80)" />
        <Dependent key="55" type="60" displayName="ActionWorkFlow" parentDisplayName="Account" id="{43b53de9-c38f-4aa7-befb-d0f1c53b01c4}" />
      </MissingDependency>
      <MissingDependency>
        <Required key="52" type="10" schemaName="msdyn_account_msdyn_purchaseorder_Vendor" displayName="msdyn_account_msdyn_purchaseorder_Vendor" parentSchemaName="account" parentDisplayName="Account" solution="FieldService (7.4.0.80)" />
        <Dependent key="55" type="60" displayName="ActionWorkFlow" parentDisplayName="Account" id="{43b53de9-c38f-4aa7-befb-d0f1c53b01c4}" />
      </MissingDependency>
      <MissingDependency>
        <Required key="38" type="10" schemaName="msdyn_account_msdyn_rma_ServiceAccount" displayName="msdyn_account_msdyn_rma_ServiceAccount" parentSchemaName="account" parentDisplayName="Account" solution="FieldService (7.4.0.80)" />
        <Dependent key="55" type="60" displayName="ActionWorkFlow" parentDisplayName="Account" id="{43b53de9-c38f-4aa7-befb-d0f1c53b01c4}" />
      </MissingDependency>
      <MissingDependency>
        <Required key="44" type="10" schemaName="msdyn_account_msdyn_agreement_BillingAccount" displayName="msdyn_account_msdyn_agreement_BillingAccount" parentSchemaName="account" parentDisplayName="Account" solution="FieldService (7.4.0.80)" />
        <Dependent key="55" type="60" displayName="ActionWorkFlow" parentDisplayName="Account" id="{43b53de9-c38f-4aa7-befb-d0f1c53b01c4}" />
      </MissingDependency>
      <MissingDependency>
        <Required key="39" type="10" schemaName="msdyn_account_account_BillingAccount" displayName="msdyn_account_account_BillingAccount" parentSchemaName="account" parentDisplayName="Account" solution="FieldService (7.4.0.80)" />
        <Dependent key="55" type="60" displayName="ActionWorkFlow" parentDisplayName="Account" id="{43b53de9-c38f-4aa7-befb-d0f1c53b01c4}" />
      </MissingDependency>
      <MissingDependency>
        <Required key="41" type="10" schemaName="msdyn_account_msdyn_rtv_Vendor" displayName="msdyn_account_msdyn_rtv_Vendor" parentSchemaName="account" parentDisplayName="Account" solution="FieldService (7.4.0.80)" />
        <Dependent key="55" type="60" displayName="ActionWorkFlow" parentDisplayName="Account" id="{43b53de9-c38f-4aa7-befb-d0f1c53b01c4}" />
      </MissingDependency>
      <MissingDependency>
        <Required key="43" type="10" schemaName="msdyn_account_msdyn_agreement_ServiceAccount" displayName="msdyn_account_msdyn_agreement_ServiceAccount" parentSchemaName="account" parentDisplayName="Account" solution="FieldService (7.4.0.80)" />
        <Dependent key="55" type="60" displayName="ActionWorkFlow" parentDisplayName="Account" id="{43b53de9-c38f-4aa7-befb-d0f1c53b01c4}" />
      </MissingDependency>
      <MissingDependency>
        <Required key="54" type="10" schemaName="ccg_contact_ccg_contactsubject_Contact" displayName="ccg_contact_ccg_contactsubject_Contact" parentSchemaName="contact" parentDisplayName="Contact" solution="Active" />
        <Dependent key="9" type="60" displayName="New Form" parentDisplayName="Contact" id="{41321fa7-c6c0-48f8-9926-719f31b21d5b}" />
      </MissingDependency>
      <MissingDependency>
        <Required key="56" type="26" schemaName="Recent Opportunities" displayName="Recent Opportunities" parentSchemaName="opportunity" parentDisplayName="Opportunity" solution="msdynce_Sales (9.0.4.0076)" id="{9c3f7ee8-eca7-e211-9fb6-00155dd0ea05}" />
        <Dependent key="4" type="60" displayName="New Form" parentDisplayName="Contact" id="{9dfe3d44-2e94-4757-ba6a-3d96fc35952d}" />
      </MissingDependency>
      <MissingDependency>
        <Required key="57" type="26" schemaName="Recent Cases" displayName="Recent Cases" parentSchemaName="incident" parentDisplayName="Case" solution="msdynce_Service (9.0.5.56)" id="{ebd1d24a-eea7-e211-9fb6-00155dd0ea05}" />
        <Dependent key="8" type="60" displayName="myForm" parentDisplayName="Contact" id="{c35dd3ec-459c-467b-9d28-9d220dc524d4}" />
      </MissingDependency>
      <MissingDependency>
        <Required key="58" type="26" schemaName="My Open Opportunities" displayName="My Open Opportunities" parentSchemaName="opportunity" parentDisplayName="Opportunity" solution="msdynce_Sales (9.0.4.0076)" id="{00000000-0000-0000-00aa-000010003000}" />
        <Dependent key="4" type="60" displayName="New Form" parentDisplayName="Contact" id="{9dfe3d44-2e94-4757-ba6a-3d96fc35952d}" />
      </MissingDependency>
      <MissingDependency>
        <Required key="57" type="26" schemaName="Recent Cases" displayName="Recent Cases" parentSchemaName="incident" parentDisplayName="Case" solution="msdynce_Service (9.0.5.56)" id="{ebd1d24a-eea7-e211-9fb6-00155dd0ea05}" />
        <Dependent key="4" type="60" displayName="New Form" parentDisplayName="Contact" id="{9dfe3d44-2e94-4757-ba6a-3d96fc35952d}" />
      </MissingDependency>
      <MissingDependency>
        <Required key="59" type="26" schemaName="Active Contact Subjects" displayName="Active Contact Subjects" parentSchemaName="ccg_contactsubject" parentDisplayName="Contact Subject" solution="Active" id="{4fba748c-4678-4226-a824-011111c89ac1}" />
        <Dependent key="4" type="60" displayName="New Form" parentDisplayName="Contact" id="{9dfe3d44-2e94-4757-ba6a-3d96fc35952d}" />
      </MissingDependency>
      <MissingDependency>
        <Required key="60" type="26" schemaName="My Active Cases" displayName="My Active Cases" parentSchemaName="incident" parentDisplayName="Case" solution="msdynce_Service (9.0.5.56)" id="{00000000-0000-0000-00aa-000010001028}" />
        <Dependent key="4" type="60" displayName="New Form" parentDisplayName="Contact" id="{9dfe3d44-2e94-4757-ba6a-3d96fc35952d}" />
      </MissingDependency>
      <MissingDependency>
        <Required key="61" type="26" schemaName="Active AccountOffers" displayName="Active AccountOffers" parentSchemaName="cg123_accountoffer" parentDisplayName="AccountOffer" solution="Active" id="{84ef728e-25dd-4790-8e41-b908256ce5cd}" />
        <Dependent key="1" type="60" displayName="Account" parentDisplayName="Account" id="{8448b78f-8f42-454e-8e2a-f8196b0419af}" />
      </MissingDependency>
      <MissingDependency>
        <Required key="62" type="26" schemaName="All Entitlements" displayName="All Entitlements" parentSchemaName="entitlement" parentDisplayName="Entitlement" solution="msdynce_Service (9.0.5.56)" id="{aa69e7e2-913a-4a5a-8609-8ca443554909}" />
        <Dependent key="4" type="60" displayName="New Form" parentDisplayName="Contact" id="{9dfe3d44-2e94-4757-ba6a-3d96fc35952d}" />
      </MissingDependency>
      <MissingDependency>
        <Required key="63" type="26" schemaName="Active Project Price Lists" displayName="Active Project Price Lists" parentSchemaName="msdyn_accountpricelist" parentDisplayName="Account Project Price List" solution="ProjectService (2.4.0.51)" id="{9e8bd99a-72e8-49fe-8c6f-ec1ac8407f5a}" />
        <Dependent key="1" type="60" displayName="Account" parentDisplayName="Account" id="{8448b78f-8f42-454e-8e2a-f8196b0419af}" />
      </MissingDependency>
      <MissingDependency>
        <Required key="64" type="26" schemaName="Staff" displayName="Staff" parentSchemaName="contact" parentDisplayName="Contact" solution="Active" id="{880d0eca-1e75-e811-a95a-000d3af29d99}" />
        <Dependent key="1" type="60" displayName="Account" parentDisplayName="Account" id="{8448b78f-8f42-454e-8e2a-f8196b0419af}" />
      </MissingDependency>
      <MissingDependency>
        <Required key="59" type="26" schemaName="Active Contact Subjects" displayName="Active Contact Subjects" parentSchemaName="ccg_contactsubject" parentDisplayName="Contact Subject" solution="Active" id="{4fba748c-4678-4226-a824-011111c89ac1}" />
        <Dependent key="9" type="60" displayName="New Form" parentDisplayName="Contact" id="{41321fa7-c6c0-48f8-9926-719f31b21d5b}" />
      </MissingDependency>
      <MissingDependency>
        <Required key="56" type="26" schemaName="Recent Opportunities" displayName="Recent Opportunities" parentSchemaName="opportunity" parentDisplayName="Opportunity" solution="msdynce_Sales (9.0.4.0076)" id="{9c3f7ee8-eca7-e211-9fb6-00155dd0ea05}" />
        <Dependent key="8" type="60" displayName="myForm" parentDisplayName="Contact" id="{c35dd3ec-459c-467b-9d28-9d220dc524d4}" />
      </MissingDependency>
      <MissingDependency>
        <Required key="56" type="26" schemaName="Recent Opportunities" displayName="Recent Opportunities" parentSchemaName="opportunity" parentDisplayName="Opportunity" solution="msdynce_Sales (9.0.4.0076)" id="{9c3f7ee8-eca7-e211-9fb6-00155dd0ea05}" />
        <Dependent key="9" type="60" displayName="New Form" parentDisplayName="Contact" id="{41321fa7-c6c0-48f8-9926-719f31b21d5b}" />
      </MissingDependency>
      <MissingDependency>
        <Required key="59" type="26" schemaName="Active Contact Subjects" displayName="Active Contact Subjects" parentSchemaName="ccg_contactsubject" parentDisplayName="Contact Subject" solution="Active" id="{4fba748c-4678-4226-a824-011111c89ac1}" />
        <Dependent key="8" type="60" displayName="myForm" parentDisplayName="Contact" id="{c35dd3ec-459c-467b-9d28-9d220dc524d4}" />
      </MissingDependency>
      <MissingDependency>
        <Required key="58" type="26" schemaName="My Open Opportunities" displayName="My Open Opportunities" parentSchemaName="opportunity" parentDisplayName="Opportunity" solution="msdynce_Sales (9.0.4.0076)" id="{00000000-0000-0000-00aa-000010003000}" />
        <Dependent key="8" type="60" displayName="myForm" parentDisplayName="Contact" id="{c35dd3ec-459c-467b-9d28-9d220dc524d4}" />
      </MissingDependency>
      <MissingDependency>
        <Required key="62" type="26" schemaName="All Entitlements" displayName="All Entitlements" parentSchemaName="entitlement" parentDisplayName="Entitlement" solution="msdynce_Service (9.0.5.56)" id="{aa69e7e2-913a-4a5a-8609-8ca443554909}" />
        <Dependent key="8" type="60" displayName="myForm" parentDisplayName="Contact" id="{c35dd3ec-459c-467b-9d28-9d220dc524d4}" />
      </MissingDependency>
      <MissingDependency>
        <Required key="60" type="26" schemaName="My Active Cases" displayName="My Active Cases" parentSchemaName="incident" parentDisplayName="Case" solution="msdynce_Service (9.0.5.56)" id="{00000000-0000-0000-00aa-000010001028}" />
        <Dependent key="8" type="60" displayName="myForm" parentDisplayName="Contact" id="{c35dd3ec-459c-467b-9d28-9d220dc524d4}" />
      </MissingDependency>
      <MissingDependency>
        <Required key="58" type="26" schemaName="My Open Opportunities" displayName="My Open Opportunities" parentSchemaName="opportunity" parentDisplayName="Opportunity" solution="msdynce_Sales (9.0.4.0076)" id="{00000000-0000-0000-00aa-000010003000}" />
        <Dependent key="9" type="60" displayName="New Form" parentDisplayName="Contact" id="{41321fa7-c6c0-48f8-9926-719f31b21d5b}" />
      </MissingDependency>
      <MissingDependency>
        <Required key="62" type="26" schemaName="All Entitlements" displayName="All Entitlements" parentSchemaName="entitlement" parentDisplayName="Entitlement" solution="msdynce_Service (9.0.5.56)" id="{aa69e7e2-913a-4a5a-8609-8ca443554909}" />
        <Dependent key="9" type="60" displayName="New Form" parentDisplayName="Contact" id="{41321fa7-c6c0-48f8-9926-719f31b21d5b}" />
      </MissingDependency>
      <MissingDependency>
        <Required key="57" type="26" schemaName="Recent Cases" displayName="Recent Cases" parentSchemaName="incident" parentDisplayName="Case" solution="msdynce_Service (9.0.5.56)" id="{ebd1d24a-eea7-e211-9fb6-00155dd0ea05}" />
        <Dependent key="9" type="60" displayName="New Form" parentDisplayName="Contact" id="{41321fa7-c6c0-48f8-9926-719f31b21d5b}" />
      </MissingDependency>
      <MissingDependency>
        <Required key="60" type="26" schemaName="My Active Cases" displayName="My Active Cases" parentSchemaName="incident" parentDisplayName="Case" solution="msdynce_Service (9.0.5.56)" id="{00000000-0000-0000-00aa-000010001028}" />
        <Dependent key="9" type="60" displayName="New Form" parentDisplayName="Contact" id="{41321fa7-c6c0-48f8-9926-719f31b21d5b}" />
      </MissingDependency>
      <MissingDependency>
        <Required key="65" type="59" schemaName="Case Mix (By Business Unit)" displayName="Case Mix (By Business Unit)" parentSchemaName="incident" parentDisplayName="Case" solution="msdynce_Service (9.0.5.56)" id="{f10375a6-4893-de11-97d4-00155da3b01e}" />
        <Dependent key="9" type="60" displayName="New Form" parentDisplayName="Contact" id="{41321fa7-c6c0-48f8-9926-719f31b21d5b}" />
      </MissingDependency>
      <MissingDependency>
        <Required key="66" type="59" schemaName="Entitlements Expiration" displayName="Entitlements Expiration" parentSchemaName="entitlement" parentDisplayName="Entitlement" solution="msdynce_Service (9.0.5.56)" id="{fdb919bb-c6fc-4fc8-8fa5-67ace68e41d1}" />
        <Dependent key="9" type="60" displayName="New Form" parentDisplayName="Contact" id="{41321fa7-c6c0-48f8-9926-719f31b21d5b}" />
      </MissingDependency>
      <MissingDependency>
        <Required key="67" type="59" schemaName="Top Customers" displayName="Top Customers" parentSchemaName="opportunity" parentDisplayName="Opportunity" solution="msdynce_Sales (9.0.4.0076)" id="{8bc5fb18-48f2-4782-9e16-3d452fa4ddce}" />
        <Dependent key="9" type="60" displayName="New Form" parentDisplayName="Contact" id="{41321fa7-c6c0-48f8-9926-719f31b21d5b}" />
      </MissingDependency>
      <MissingDependency>
        <Required key="66" type="59" schemaName="Entitlements Expiration" displayName="Entitlements Expiration" parentSchemaName="entitlement" parentDisplayName="Entitlement" solution="msdynce_Service (9.0.5.56)" id="{fdb919bb-c6fc-4fc8-8fa5-67ace68e41d1}" />
        <Dependent key="8" type="60" displayName="myForm" parentDisplayName="Contact" id="{c35dd3ec-459c-467b-9d28-9d220dc524d4}" />
      </MissingDependency>
      <MissingDependency>
        <Required key="65" type="59" schemaName="Case Mix (By Business Unit)" displayName="Case Mix (By Business Unit)" parentSchemaName="incident" parentDisplayName="Case" solution="msdynce_Service (9.0.5.56)" id="{f10375a6-4893-de11-97d4-00155da3b01e}" />
        <Dependent key="8" type="60" displayName="myForm" parentDisplayName="Contact" id="{c35dd3ec-459c-467b-9d28-9d220dc524d4}" />
      </MissingDependency>
      <MissingDependency>
        <Required key="67" type="59" schemaName="Top Customers" displayName="Top Customers" parentSchemaName="opportunity" parentDisplayName="Opportunity" solution="msdynce_Sales (9.0.4.0076)" id="{8bc5fb18-48f2-4782-9e16-3d452fa4ddce}" />
        <Dependent key="8" type="60" displayName="myForm" parentDisplayName="Contact" id="{c35dd3ec-459c-467b-9d28-9d220dc524d4}" />
      </MissingDependency>
      <MissingDependency>
        <Required key="66" type="59" schemaName="Entitlements Expiration" displayName="Entitlements Expiration" parentSchemaName="entitlement" parentDisplayName="Entitlement" solution="msdynce_Service (9.0.5.56)" id="{fdb919bb-c6fc-4fc8-8fa5-67ace68e41d1}" />
        <Dependent key="4" type="60" displayName="New Form" parentDisplayName="Contact" id="{9dfe3d44-2e94-4757-ba6a-3d96fc35952d}" />
      </MissingDependency>
      <MissingDependency>
        <Required key="65" type="59" schemaName="Case Mix (By Business Unit)" displayName="Case Mix (By Business Unit)" parentSchemaName="incident" parentDisplayName="Case" solution="msdynce_Service (9.0.5.56)" id="{f10375a6-4893-de11-97d4-00155da3b01e}" />
        <Dependent key="4" type="60" displayName="New Form" parentDisplayName="Contact" id="{9dfe3d44-2e94-4757-ba6a-3d96fc35952d}" />
      </MissingDependency>
      <MissingDependency>
        <Required key="67" type="59" schemaName="Top Customers" displayName="Top Customers" parentSchemaName="opportunity" parentDisplayName="Opportunity" solution="msdynce_Sales (9.0.4.0076)" id="{8bc5fb18-48f2-4782-9e16-3d452fa4ddce}" />
        <Dependent key="4" type="60" displayName="New Form" parentDisplayName="Contact" id="{9dfe3d44-2e94-4757-ba6a-3d96fc35952d}" />
      </MissingDependency>
      <MissingDependency>
        <Required key="68" type="60" displayName="account contact card" parentDisplayName="Contact" solution="msdynce_AppCommon (9.0.4.0066)" id="{29de27bc-a257-4f29-99cf-bab4a84e688f}" />
        <Dependent key="4" type="60" displayName="New Form" parentDisplayName="Contact" id="{9dfe3d44-2e94-4757-ba6a-3d96fc35952d}" />
      </MissingDependency>
      <MissingDependency>
        <Required key="68" type="60" displayName="account contact card" parentDisplayName="Contact" solution="msdynce_AppCommon (9.0.4.0066)" id="{29de27bc-a257-4f29-99cf-bab4a84e688f}" />
        <Dependent key="1" type="60" displayName="Account" parentDisplayName="Account" id="{8448b78f-8f42-454e-8e2a-f8196b0419af}" />
      </MissingDependency>
      <MissingDependency>
        <Required key="1" type="60" displayName="Account" parentDisplayName="Account" solution="msdynce_AppCommon (9.0.4.0066)" id="{8448b78f-8f42-454e-8e2a-f8196b0419af}" />
        <Dependent key="1" type="60" displayName="Account" parentDisplayName="Account" id="{8448b78f-8f42-454e-8e2a-f8196b0419af}" />
      </MissingDependency>
      <MissingDependency>
        <Required key="68" type="60" displayName="account contact card" parentDisplayName="Contact" solution="msdynce_AppCommon (9.0.4.0066)" id="{29de27bc-a257-4f29-99cf-bab4a84e688f}" />
        <Dependent key="8" type="60" displayName="myForm" parentDisplayName="Contact" id="{c35dd3ec-459c-467b-9d28-9d220dc524d4}" />
      </MissingDependency>
      <MissingDependency>
        <Required key="68" type="60" displayName="account contact card" parentDisplayName="Contact" solution="msdynce_AppCommon (9.0.4.0066)" id="{29de27bc-a257-4f29-99cf-bab4a84e688f}" />
        <Dependent key="9" type="60" displayName="New Form" parentDisplayName="Contact" id="{41321fa7-c6c0-48f8-9926-719f31b21d5b}" />
      </MissingDependency>
      <MissingDependency>
        <Required key="69" type="66" schemaName="MscrmControls.TalkingPointsControl.TalkingPoints" displayName="MscrmControls.TalkingPointsControl.TalkingPoints" solution="Icebreakers (9.0.1.7097)" />
        <Dependent key="4" type="60" displayName="New Form" parentDisplayName="Contact" id="{9dfe3d44-2e94-4757-ba6a-3d96fc35952d}" />
      </MissingDependency>
      <MissingDependency>
        <Required key="70" type="66" schemaName="MscrmControls.CardFeedContainer.CardFeedContainer" displayName="MscrmControls.CardFeedContainer.CardFeedContainer" solution="CustomControlsCore (9.0.0002.0748)" />
        <Dependent key="4" type="60" displayName="New Form" parentDisplayName="Contact" id="{9dfe3d44-2e94-4757-ba6a-3d96fc35952d}" />
      </MissingDependency>
      <MissingDependency>
        <Required key="70" type="66" schemaName="MscrmControls.CardFeedContainer.CardFeedContainer" displayName="MscrmControls.CardFeedContainer.CardFeedContainer" solution="CustomControlsCore (9.0.0002.0748)" />
        <Dependent key="1" type="60" displayName="Account" parentDisplayName="Account" id="{8448b78f-8f42-454e-8e2a-f8196b0419af}" />
      </MissingDependency>
      <MissingDependency>
        <Required key="70" type="66" schemaName="MscrmControls.CardFeedContainer.CardFeedContainer" displayName="MscrmControls.CardFeedContainer.CardFeedContainer" solution="CustomControlsCore (9.0.0002.0748)" />
        <Dependent key="9" type="60" displayName="New Form" parentDisplayName="Contact" id="{41321fa7-c6c0-48f8-9926-719f31b21d5b}" />
      </MissingDependency>
      <MissingDependency>
        <Required key="70" type="66" schemaName="MscrmControls.CardFeedContainer.CardFeedContainer" displayName="MscrmControls.CardFeedContainer.CardFeedContainer" solution="CustomControlsCore (9.0.0002.0748)" />
        <Dependent key="8" type="60" displayName="myForm" parentDisplayName="Contact" id="{c35dd3ec-459c-467b-9d28-9d220dc524d4}" />
      </MissingDependency>
      <MissingDependency>
        <Required key="69" type="66" schemaName="MscrmControls.TalkingPointsControl.TalkingPoints" displayName="MscrmControls.TalkingPointsControl.TalkingPoints" solution="Icebreakers (9.0.1.7097)" />
        <Dependent key="8" type="60" displayName="myForm" parentDisplayName="Contact" id="{c35dd3ec-459c-467b-9d28-9d220dc524d4}" />
      </MissingDependency>
      <MissingDependency>
        <Required key="69" type="66" schemaName="MscrmControls.TalkingPointsControl.TalkingPoints" displayName="MscrmControls.TalkingPointsControl.TalkingPoints" solution="Icebreakers (9.0.1.7097)" />
        <Dependent key="9" type="60" displayName="New Form" parentDisplayName="Contact" id="{41321fa7-c6c0-48f8-9926-719f31b21d5b}" />
      </MissingDependency>
      <MissingDependency>
        <Required key="70" type="66" schemaName="MscrmControls.CardFeedContainer.CardFeedContainer" displayName="MscrmControls.CardFeedContainer.CardFeedContainer" solution="CustomControlsCore (9.0.0002.0748)" />
        <Dependent key="55" type="60" displayName="ActionWorkFlow" parentDisplayName="Account" id="{43b53de9-c38f-4aa7-befb-d0f1c53b01c4}" />
      </MissingDependency>
      <MissingDependency>
        <Required key="71" type="61" schemaName="msdyn_talkingpointsloader.js" displayName="msdyn_talkingpointsloader.js" solution="Icebreakers (9.0.1.7097)" />
        <Dependent key="9" type="60" displayName="New Form" parentDisplayName="Contact" id="{41321fa7-c6c0-48f8-9926-719f31b21d5b}" />
      </MissingDependency>
      <MissingDependency>
        <Required key="72" type="61" schemaName="msdyn_/Utils/head1.0.3.js" displayName="msdyn_/Utils/head1.0.3.js" solution="FieldService (7.4.0.80)" />
        <Dependent key="55" type="60" displayName="ActionWorkFlow" parentDisplayName="Account" id="{43b53de9-c38f-4aa7-befb-d0f1c53b01c4}" />
      </MissingDependency>
      <MissingDependency>
        <Required key="73" type="61" schemaName="msdyn_/Libraries/require/require.js" displayName="msdyn_/Libraries/require/require.js" solution="ProjectService (2.4.0.51)" />
        <Dependent key="55" type="60" displayName="ActionWorkFlow" parentDisplayName="Account" id="{43b53de9-c38f-4aa7-befb-d0f1c53b01c4}" />
      </MissingDependency>
      <MissingDependency>
        <Required key="74" type="61" schemaName="msdyn_/Utils/FieldServiceTrial.js" displayName="msdyn_/Utils/FieldServiceTrial.js" solution="FieldService (7.4.0.80)" />
        <Dependent key="55" type="60" displayName="ActionWorkFlow" parentDisplayName="Account" id="{43b53de9-c38f-4aa7-befb-d0f1c53b01c4}" />
      </MissingDependency>
      <MissingDependency>
        <Required key="75" type="61" schemaName="msdyn_/Account/Account.Library.js" displayName="msdyn_/Account/Account.Library.js" solution="FieldService (7.4.0.80)" />
        <Dependent key="55" type="60" displayName="ActionWorkFlow" parentDisplayName="Account" id="{43b53de9-c38f-4aa7-befb-d0f1c53b01c4}" />
      </MissingDependency>
      <MissingDependency>
        <Required key="72" type="61" schemaName="msdyn_/Utils/head1.0.3.js" displayName="msdyn_/Utils/head1.0.3.js" solution="FieldService (7.4.0.80)" />
        <Dependent key="8" type="60" displayName="myForm" parentDisplayName="Contact" id="{c35dd3ec-459c-467b-9d28-9d220dc524d4}" />
      </MissingDependency>
      <MissingDependency>
        <Required key="76" type="61" schemaName="msdyn_/Contact/Contact.Library.js" displayName="msdyn_/Contact/Contact.Library.js" solution="FieldService (7.4.0.80)" />
        <Dependent key="8" type="60" displayName="myForm" parentDisplayName="Contact" id="{c35dd3ec-459c-467b-9d28-9d220dc524d4}" />
      </MissingDependency>
      <MissingDependency>
        <Required key="77" type="61" schemaName="ccg_university.js" displayName="ccg_university.js" solution="Active" />
        <Dependent key="8" type="60" displayName="myForm" parentDisplayName="Contact" id="{c35dd3ec-459c-467b-9d28-9d220dc524d4}" />
      </MissingDependency>
      <MissingDependency>
        <Required key="76" type="61" schemaName="msdyn_/Contact/Contact.Library.js" displayName="msdyn_/Contact/Contact.Library.js" solution="FieldService (7.4.0.80)" />
        <Dependent key="9" type="60" displayName="New Form" parentDisplayName="Contact" id="{41321fa7-c6c0-48f8-9926-719f31b21d5b}" />
      </MissingDependency>
      <MissingDependency>
        <Required key="72" type="61" schemaName="msdyn_/Utils/head1.0.3.js" displayName="msdyn_/Utils/head1.0.3.js" solution="FieldService (7.4.0.80)" />
        <Dependent key="9" type="60" displayName="New Form" parentDisplayName="Contact" id="{41321fa7-c6c0-48f8-9926-719f31b21d5b}" />
      </MissingDependency>
      <MissingDependency>
        <Required key="78" type="61" schemaName="new_contacttype.js" displayName="new_contacttype.js" solution="Active" />
        <Dependent key="9" type="60" displayName="New Form" parentDisplayName="Contact" id="{41321fa7-c6c0-48f8-9926-719f31b21d5b}" />
      </MissingDependency>
      <MissingDependency>
        <Required key="77" type="61" schemaName="ccg_university.js" displayName="ccg_university.js" solution="Active" />
        <Dependent key="9" type="60" displayName="New Form" parentDisplayName="Contact" id="{41321fa7-c6c0-48f8-9926-719f31b21d5b}" />
      </MissingDependency>
      <MissingDependency>
        <Required key="73" type="61" schemaName="msdyn_/Libraries/require/require.js" displayName="msdyn_/Libraries/require/require.js" solution="ProjectService (2.4.0.51)" />
        <Dependent key="1" type="60" displayName="Account" parentDisplayName="Account" id="{8448b78f-8f42-454e-8e2a-f8196b0419af}" />
      </MissingDependency>
      <MissingDependency>
        <Required key="79" type="61" schemaName="cg123_Account.js" displayName="cg123_Account.js" solution="Active" />
        <Dependent key="1" type="60" displayName="Account" parentDisplayName="Account" id="{8448b78f-8f42-454e-8e2a-f8196b0419af}" />
      </MissingDependency>
      <MissingDependency>
        <Required key="72" type="61" schemaName="msdyn_/Utils/head1.0.3.js" displayName="msdyn_/Utils/head1.0.3.js" solution="FieldService (7.4.0.80)" />
        <Dependent key="1" type="60" displayName="Account" parentDisplayName="Account" id="{8448b78f-8f42-454e-8e2a-f8196b0419af}" />
      </MissingDependency>
      <MissingDependency>
        <Required key="74" type="61" schemaName="msdyn_/Utils/FieldServiceTrial.js" displayName="msdyn_/Utils/FieldServiceTrial.js" solution="FieldService (7.4.0.80)" />
        <Dependent key="1" type="60" displayName="Account" parentDisplayName="Account" id="{8448b78f-8f42-454e-8e2a-f8196b0419af}" />
      </MissingDependency>
      <MissingDependency>
        <Required key="80" type="61" schemaName="cg123_AccountNew.js" displayName="cg123_AccountNew.js" solution="Active" />
        <Dependent key="1" type="60" displayName="Account" parentDisplayName="Account" id="{8448b78f-8f42-454e-8e2a-f8196b0419af}" />
      </MissingDependency>
      <MissingDependency>
        <Required key="81" type="61" schemaName="AppCommon/Account/Account_main_system_library.js" displayName="AppCommon/Account/Account_main_system_library.js" solution="msdynce_AppCommon (9.0.4.0066)" />
        <Dependent key="1" type="60" displayName="Account" parentDisplayName="Account" id="{8448b78f-8f42-454e-8e2a-f8196b0419af}" />
      </MissingDependency>
      <MissingDependency>
        <Required key="75" type="61" schemaName="msdyn_/Account/Account.Library.js" displayName="msdyn_/Account/Account.Library.js" solution="FieldService (7.4.0.80)" />
        <Dependent key="1" type="60" displayName="Account" parentDisplayName="Account" id="{8448b78f-8f42-454e-8e2a-f8196b0419af}" />
      </MissingDependency>
      <MissingDependency>
        <Required key="76" type="61" schemaName="msdyn_/Contact/Contact.Library.js" displayName="msdyn_/Contact/Contact.Library.js" solution="FieldService (7.4.0.80)" />
        <Dependent key="4" type="60" displayName="New Form" parentDisplayName="Contact" id="{9dfe3d44-2e94-4757-ba6a-3d96fc35952d}" />
      </MissingDependency>
      <MissingDependency>
        <Required key="77" type="61" schemaName="ccg_university.js" displayName="ccg_university.js" solution="Active" />
        <Dependent key="4" type="60" displayName="New Form" parentDisplayName="Contact" id="{9dfe3d44-2e94-4757-ba6a-3d96fc35952d}" />
      </MissingDependency>
      <MissingDependency>
        <Required key="82" type="61" schemaName="AppCommon/Contact/Contact_main_system_library.js" displayName="AppCommon/Contact/Contact_main_system_library.js" solution="msdynce_AppCommon (9.0.4.0066)" />
        <Dependent key="4" type="60" displayName="New Form" parentDisplayName="Contact" id="{9dfe3d44-2e94-4757-ba6a-3d96fc35952d}" />
      </MissingDependency>
      <MissingDependency>
        <Required key="71" type="61" schemaName="msdyn_talkingpointsloader.js" displayName="msdyn_talkingpointsloader.js" solution="Icebreakers (9.0.1.7097)" />
        <Dependent key="4" type="60" displayName="New Form" parentDisplayName="Contact" id="{9dfe3d44-2e94-4757-ba6a-3d96fc35952d}" />
      </MissingDependency>
      <MissingDependency>
        <Required key="82" type="61" schemaName="AppCommon/Contact/Contact_main_system_library.js" displayName="AppCommon/Contact/Contact_main_system_library.js" solution="msdynce_AppCommon (9.0.4.0066)" />
        <Dependent key="8" type="60" displayName="myForm" parentDisplayName="Contact" id="{c35dd3ec-459c-467b-9d28-9d220dc524d4}" />
      </MissingDependency>
      <MissingDependency>
        <Required key="71" type="61" schemaName="msdyn_talkingpointsloader.js" displayName="msdyn_talkingpointsloader.js" solution="Icebreakers (9.0.1.7097)" />
        <Dependent key="8" type="60" displayName="myForm" parentDisplayName="Contact" id="{c35dd3ec-459c-467b-9d28-9d220dc524d4}" />
      </MissingDependency>
      <MissingDependency>
        <Required key="78" type="61" schemaName="new_contacttype.js" displayName="new_contacttype.js" solution="Active" />
        <Dependent key="8" type="60" displayName="myForm" parentDisplayName="Contact" id="{c35dd3ec-459c-467b-9d28-9d220dc524d4}" />
      </MissingDependency>
      <MissingDependency>
        <Required key="78" type="61" schemaName="new_contacttype.js" displayName="new_contacttype.js" solution="Active" />
        <Dependent key="4" type="60" displayName="New Form" parentDisplayName="Contact" id="{9dfe3d44-2e94-4757-ba6a-3d96fc35952d}" />
      </MissingDependency>
      <MissingDependency>
        <Required key="72" type="61" schemaName="msdyn_/Utils/head1.0.3.js" displayName="msdyn_/Utils/head1.0.3.js" solution="FieldService (7.4.0.80)" />
        <Dependent key="4" type="60" displayName="New Form" parentDisplayName="Contact" id="{9dfe3d44-2e94-4757-ba6a-3d96fc35952d}" />
      </MissingDependency>
    </MissingDependencies>
  </SolutionManifest>
</ImportExportXml>